id,town,address,video,,,
010100001,ГР.БАНСКО,"ГР.БАНСКО, СОУ ""НЕОФИТ РИЛСКИ"", УЛ.""ТОДОР АЛЕКСАНДРОВ"" №9Б",https://evideo.bg/pe202410/01.html#10100001,,,010100001
010100002,ГР.БАНСКО,"ГР.БАНСКО, ПЛТГ""Н.ВАПЦАРОВ"" (ГОРСКИ ТЕХНИКУМ), УЛ.""БЪЛГАРИЯ"" №31",https://evideo.bg/pe202410/01.html#10100002,,,010100002
010100003,ГР.БАНСКО,"ГР.БАНСКО, ПЛТГ""Н.ВАПЦАРОВ"" (ГОРСКИ ТЕХНИКУМ), УЛ.""БЪЛГАРИЯ"" №31",https://evideo.bg/pe202410/01.html#10100003,,,010100003
010100004,ГР.БАНСКО,"ГР.БАНСКО, КЛУБ НА ПЕНСИОНЕРА, УЛ.""ЦАР СИМЕОН"" №54",https://evideo.bg/pe202410/01.html#10100004,,,010100004
010100005,ГР.БАНСКО,"ГР.БАНСКО, ЧИТАЛИЩЕ ""НИКОЛА ВАПЦАРОВ"", ПЛ. ""НИКОЛА ВАПЦАРОВ"" №14",https://evideo.bg/pe202410/01.html#10100005,,,010100005
010100006,ГР.БАНСКО,"ГР.БАНСКО, НАЧАЛНО УЧИЛИЩЕ ""СВ. ПАИСИЙ ХИЛИНДАРСКИ"", ПЛ.""ВЪЗРАЖДАНЕ"" №3",https://evideo.bg/pe202410/01.html#10100006,,,010100006
010100007,ГР.БАНСКО,"ГР.БАНСКО, НАЧАЛНО УЧИЛИЩЕ ""СВ. ПАИСИЙ ХИЛИНДАРСКИ"", ПЛ.""ВЪЗРАЖДАНЕ"" №3",https://evideo.bg/pe202410/01.html#10100007,,,010100007
010100008,ГР.БАНСКО,"ГР.БАНСКО, ПЛТГ""Н.ВАПЦАРОВ"" (ГОРСКИ ТЕХНИКУМ), УЛ.""БЪЛГАРИЯ"" №31",https://evideo.bg/pe202410/01.html#10100008,,,010100008
010100009,ГР.БАНСКО,"ГР.БАНСКО, ПЛТГ""Н.ВАПЦАРОВ"" (ГОРСКИ ТЕХНИКУМ), УЛ.""БЪЛГАРИЯ"" №31",https://evideo.bg/pe202410/01.html#10100009,,,010100009
010100010,ГР.БАНСКО,"ГР.БАНСКО, НАЧАЛНО УЧИЛИЩЕ ""СВ. ПАИСИЙ ХИЛИНДАРСКИ"", ПЛ.""ВЪЗРАЖДАНЕ"" №3",https://evideo.bg/pe202410/01.html#10100010,,,010100010
010100011,ГР.БАНСКО,"ГР.БАНСКО, СОУ ""НЕОФИТ РИЛСКИ"", УЛ. ""ТОДОР АЛЕКСАНДРОВ"" № 9Б",https://evideo.bg/pe202410/01.html#10100011,,,010100011
010100012,ГР.БАНСКО,"ГР.БАНСКО, СОУ ""НЕОФИТ РИЛСКИ"", УЛ. ""ТОДОР АЛЕКСАНДРОВ"" № 9Б",https://evideo.bg/pe202410/01.html#10100012,,,010100012
010100013,ГР.БАНСКО,"ГР.БАНСКО, НАЧАЛНО УЧИЛИЩЕ ""СВ. ПАИСИЙ ХИЛИНДАРСКИ"", ПЛ. ""ВЪЗРАЖДАНЕ"" №3",https://evideo.bg/pe202410/01.html#10100013,,,010100013
010100014,ГР.ДОБРИНИЩЕ,"ГР.ДОБРИНИЩЕ, ЧИТАЛИЩЕ ""ДИМИТЪР БЛАГОЕВ"" , ПЛ. ""НЕЗАВИСИМОСТ"" № 2",https://evideo.bg/pe202410/01.html#10100014,,,010100014
010100015,ГР.ДОБРИНИЩЕ,"ГР.ДОБРИНИЩЕ, ОСНОВНО УЧИЛИЩЕ ""СВ. КЛИМЕНТ ОХРИДСКИ"", УЛ. ""ИВАН ГАЛЧЕВ"" №21",https://evideo.bg/pe202410/01.html#10100015,,,010100015
010100016,ГР.ДОБРИНИЩЕ,"ГР.ДОБРИНИЩЕ, ОСНОВНО УЧИЛИЩЕ ""СВ. КЛИМЕНТ ОХРИДСКИ"", УЛ. ""ИВАН ГАЛЧЕВ"" №21",https://evideo.bg/pe202410/01.html#10100016,,,010100016
010100017,ГР.ДОБРИНИЩЕ,"ГР.ДОБРИНИЩЕ, КЛУБ НА ПЕНСИОНЕРА, УЛ. ""ТЪРГОВСКА"" № 16",https://evideo.bg/pe202410/01.html#10100017,,,010100017
010100018,С.ГОСТУН,"С.ГОСТУН, КЛУБ НА ПЕНСИОНЕРА",https://evideo.bg/pe202410/01.html#10100018,,,010100018
010100019,С.ОСЕНОВО,"С.ОСЕНОВО, КЛУБ НА ПЕНСИОНЕРА",https://evideo.bg/pe202410/01.html#10100019,,,010100019
010100020,С.ОБИДИМ,"С.ОБИДИМ, КЛУБ НА ПЕНСИОНЕРА",https://evideo.bg/pe202410/01.html#10100020,,,010100020
010100021,С.КРЕМЕН,"С.КРЕМЕН, КЛУБ НА ПЕНСИОНЕРА",https://evideo.bg/pe202410/01.html#10100021,,,010100021
010100022,С.МЕСТА,"С.МЕСТА, КЛУБ НА ПЕНСИОНЕРА",https://evideo.bg/pe202410/01.html#10100022,,,010100022
010100023,С.ФИЛИПОВО,"С.ФИЛИПОВО, КЛУБ НА ПЕНСИОНЕРА",https://evideo.bg/pe202410/01.html#10100023,,,010100023
010200001,ГР.БЕЛИЦА,"ГР.БЕЛИЦА, ГИМНАЗИЯ ""Н.Й. ВАПЦАРОВ"" , УЛ.""ДИМО ХАДЖИДИМОВ""",https://evideo.bg/pe202410/01.html#10200001,,,010200001
010200002,ГР.БЕЛИЦА,"ГР.БЕЛИЦА, ГИМНАЗИЯ ""Н.Й. ВАПЦАРОВ"" , УЛ.""ДИМО ХАДЖИДИМОВ""",https://evideo.bg/pe202410/01.html#10200002,,,010200002
010200003,ГР.БЕЛИЦА,"ГР.БЕЛИЦА, ИНФОРМАЦИОНЕН ЦЕНТЪР, УЛ.""ГЕОРГИ АНДРЕЙЧИН"" № 11",https://evideo.bg/pe202410/01.html#10200003,,,010200003
010200004,ГР.БЕЛИЦА,"ГР.БЕЛИЦА, СОЦИАЛЕН ПАТРОНАЖ, УЛ.""ВЛАДИМИР ПОПТОМОВ""",https://evideo.bg/pe202410/01.html#10200004,,,010200004
010200005,С.ДАГОНОВО,"С.ДАГОНОВО, УЧИЛИЩЕ",https://evideo.bg/pe202410/01.html#10200005,,,010200005
010200006,С.КРАИЩЕ,"С.КРАИЩЕ, ДЕТСКА ГРАДИНА, УЛ.""ЕДИНАДЕСЕТА"" №18",https://evideo.bg/pe202410/01.html#10200006,,,010200006
010200007,С.КРАИЩЕ,"С.КРАИЩЕ, МАГ.БИМБ.МАХАЛА-БАРАКИТЕ, УЛ. ""ДВАДЕСЕТ И ПЪРВА"" № 4",https://evideo.bg/pe202410/01.html#10200007,,,010200007
010200008,С.КРАИЩЕ,"С.КРАИЩЕ, ДЕТСКА ГРАДИНА, УЛ.""ЕДИНАДЕСЕТА"" №18",https://evideo.bg/pe202410/01.html#10200008,,,010200008
010200009,С.ГОРНО КРАИЩЕ,"С.ГОРНО КРАИЩЕ, УЧИЛИЩЕ",https://evideo.bg/pe202410/01.html#10200009,,,010200009
010200010,С.ЛЮТОВО,"С.ЛЮТОВО, КМЕТСТВО",https://evideo.bg/pe202410/01.html#10200010,,,010200010
010200011,С.БАБЯК,"С.БАБЯК, УЧИЛИЩЕ",https://evideo.bg/pe202410/01.html#10200011,,,010200011
010200012,С.ГЪЛЪБОВО,"С.ГЪЛЪБОВО, УЧИЛИЩЕ",https://evideo.bg/pe202410/01.html#10200012,,,010200012
010200013,С.КУЗЬОВО,"С.КУЗЬОВО, КМЕТСТВО",https://evideo.bg/pe202410/01.html#10200013,,,010200013
010200014,С.ПАЛАТИК,"С.ПАЛАТИК, УЧИЛИЩЕ",https://evideo.bg/pe202410/01.html#10200014,,,010200014
010200015,С.ЧЕРЕШОВО,"С.ЧЕРЕШОВО, УЧИЛИЩЕ",https://evideo.bg/pe202410/01.html#10200015,,,010200015
010200016,С.ОРЦЕВО,"С.ОРЦЕВО, КМЕТСТВО",https://evideo.bg/pe202410/01.html#10200016,,,010200016
010200017,С.ЗЛАТАРИЦА,"С.ЗЛАТАРИЦА, КМЕТСТВО",https://evideo.bg/pe202410/01.html#10200017,,,010200017
010300001,ГР.БЛАГОЕВГРАД,"ГР.БЛАГОЕВГРАД, ЦЕНТЪР ЗА ЛИЧНОСТНО И ТВОРЧЕСКО РАЗВИТИЕ НА ДЕЦАТА, УЛ.""БИСТРИЦА"" №001",https://evideo.bg/pe202410/01.html#10300001,,,010300001
010300002,ГР.БЛАГОЕВГРАД,"ГР.БЛАГОЕВГРАД, ЦЕНТЪР ЗА ЛИЧНОСТНО И ТВОРЧЕСКО РАЗВИТИЕ НА ДЕЦАТА, УЛ.""БИСТРИЦА"" №001",https://evideo.bg/pe202410/01.html#10300002,,,010300002
010300003,ГР.БЛАГОЕВГРАД,"ГР.БЛАГОЕВГРАД, СУИЧЕ""СВ. КЛИМЕНТ ОХРИДСКИ"",УЛ.""БРЕГАЛНИЦА"" №002",https://evideo.bg/pe202410/01.html#10300003,,,010300003
010300004,ГР.БЛАГОЕВГРАД,"ГР.БЛАГОЕВГРАД, СУИЧЕ""СВ. КЛИМЕНТ ОХРИДСКИ"",УЛ.""БРЕГАЛНИЦА"" №002",https://evideo.bg/pe202410/01.html#10300004,,,010300004
010300005,ГР.БЛАГОЕВГРАД,"ГР.БЛАГОЕВГРАД, СУИЧЕ""СВ. КЛИМЕНТ ОХРИДСКИ"",УЛ.""БРЕГАЛНИЦА"" №002",https://evideo.bg/pe202410/01.html#10300005,,,010300005
010300006,ГР.БЛАГОЕВГРАД,"ГР.БЛАГОЕВГРАД, ДЕТСКА ГРАДИНА №11 ""ЗДРАВЕЦ"", УЛ.""ЛАЛЕ"" №011",https://evideo.bg/pe202410/01.html#10300006,,,010300006
010300007,ГР.БЛАГОЕВГРАД,"ГР.БЛАГОЕВГРАД, ДЕТСКА ГРАДИНА №11 ""ЗДРАВЕЦ"", УЛ.""ЛАЛЕ"" №011",https://evideo.bg/pe202410/01.html#10300007,,,010300007
010300008,ГР.БЛАГОЕВГРАД,"ГР.БЛАГОЕВГРАД, ЦСОП ""СВ. ПАИСИЙ ХИЛЕНДАРСКИ"", УЛ.""СВОБОДА"" №3",https://evideo.bg/pe202410/01.html#10300008,,,010300008
010300009,ГР.БЛАГОЕВГРАД,"ГР.БЛАГОЕВГРАД, ЦСОП ""СВ. ПАИСИЙ ХИЛЕНДАРСКИ"", УЛ.""СВОБОДА"" №3",https://evideo.bg/pe202410/01.html#10300009,,,010300009
010300010,ГР.БЛАГОЕВГРАД,"ГР.БЛАГОЕВГРАД, ЦСОП ""СВ. ПАИСИЙ ХИЛЕНДАРСКИ"", УЛ.""СВОБОДА"" №3",https://evideo.bg/pe202410/01.html#10300010,,,010300010
010300011,ГР.БЛАГОЕВГРАД,"ГР.БЛАГОЕВГРАД, V-ТО СУ""ГЕОРГИ ИЗМИРЛИЕВ"", УЛ.""ХРИСТО ЧЕРНОПЕЕВ"" №16",https://evideo.bg/pe202410/01.html#10300011,,,010300011
010300012,ГР.БЛАГОЕВГРАД,"ГР.БЛАГОЕВГРАД, V-ТО СУ""ГЕОРГИ ИЗМИРЛИЕВ"", УЛ.""ХРИСТО ЧЕРНОПЕЕВ"" №16",https://evideo.bg/pe202410/01.html#10300012,,,010300012
010300013,ГР.БЛАГОЕВГРАД,"ГР.БЛАГОЕВГРАД, V-ТО СУ""ГЕОРГИ ИЗМИРЛИЕВ"", УЛ.""ХРИСТО ЧЕРНОПЕЕВ"" №16",https://evideo.bg/pe202410/01.html#10300013,,,010300013
010300014,ГР.БЛАГОЕВГРАД,"ГР.БЛАГОЕВГРАД, V-ТО СУ""ГЕОРГИ ИЗМИРЛИЕВ"", УЛ.""ХРИСТО ЧЕРНОПЕЕВ"" №16",https://evideo.bg/pe202410/01.html#10300014,,,010300014
010300015,ГР.БЛАГОЕВГРАД,"ГР.БЛАГОЕВГРАД, V-ТО СУ""ГЕОРГИ ИЗМИРЛИЕВ"", УЛ.""ХРИСТО ЧЕРНОПЕЕВ"" №16",https://evideo.bg/pe202410/01.html#10300015,,,010300015
010300016,ГР.БЛАГОЕВГРАД,"ГР.БЛАГОЕВГРАД, НХГ""СВ.СВ. КИРИЛ И МЕТОДИЙ"", УЛ.""ЦАНКО ЦЕРКОВСКИ"" №002",https://evideo.bg/pe202410/01.html#10300016,,,010300016
010300017,ГР.БЛАГОЕВГРАД,"ГР.БЛАГОЕВГРАД, НАРОДНО ЧИТАЛИЩЕ ""НИКОЛА Й. ВАПЦАРОВ-1866"", ПЛ. ""МАКЕДОНИЯ"" №1",https://evideo.bg/pe202410/01.html#10300017,,,010300017
010300018,ГР.БЛАГОЕВГРАД,"ГР.БЛАГОЕВГРАД, НХГ""СВ.СВ.КИРИЛ И МЕТОДИЙ"", УЛ.""ЦАНКО ЦЕРКОВСКИ"" №002",https://evideo.bg/pe202410/01.html#10300018,,,010300018
010300019,ГР.БЛАГОЕВГРАД,"ГР.БЛАГОЕВГРАД, V-ТО СУ""ГЕОРГИ ИЗМИРЛИЕВ"", УЛ.""ХРИСТО ЧЕРНОПЕЕВ"" №16",https://evideo.bg/pe202410/01.html#10300019,,,010300019
010300020,ГР.БЛАГОЕВГРАД,"ГР.БЛАГОЕВГРАД, V-ТО СУ""ГЕОРГИ ИЗМИРЛИЕВ"", УЛ.""ХРИСТО ЧЕРНОПЕЕВ"" №16",https://evideo.bg/pe202410/01.html#10300020,,,010300020
010300021,ГР.БЛАГОЕВГРАД,"ГР.БЛАГОЕВГРАД, НХГ""СВ.СВ. КИРИЛ И МЕТОДИЙ"", УЛ.""ЦАНКО ЦЕРКОВСКИ"" №002",https://evideo.bg/pe202410/01.html#10300021,,,010300021
010300022,ГР.БЛАГОЕВГРАД,"ГР.БЛАГОЕВГРАД, НХГ""СВ.СВ. КИРИЛ И МЕТОДИЙ"", УЛ.""ЦАНКО ЦЕРКОВСКИ"" №002",https://evideo.bg/pe202410/01.html#10300022,,,010300022
010300023,ГР.БЛАГОЕВГРАД,"ГР.БЛАГОЕВГРАД, НХГ""СВ.СВ. КИРИЛ И МЕТОДИЙ"", УЛ.""ЦАНКО ЦЕРКОВСКИ"" №002",https://evideo.bg/pe202410/01.html#10300023,,,010300023
010300024,ГР.БЛАГОЕВГРАД,"ГР.БЛАГОЕВГРАД, НАРОДНО ЧИТАЛИЩЕ ""НИКОЛА Й. ВАПЦАРОВ-1866"", ПЛ. ""МАКЕДОНИЯ"" №1",https://evideo.bg/pe202410/01.html#10300024,,,010300024
010300025,ГР.БЛАГОЕВГРАД,"ГР.БЛАГОЕВГРАД, НАРОДНО ЧИТАЛИЩЕ ""НИКОЛА Й. ВАПЦАРОВ-1866"", ПЛ. ""МАКЕДОНИЯ"" №1",https://evideo.bg/pe202410/01.html#10300025,,,010300025
010300026,ГР.БЛАГОЕВГРАД,"ГР.БЛАГОЕВГРАД, ПГСАГ ""ВАСИЛ ЛЕВСКИ"", УЛ. ТОДОР АЛЕКСАНДРОВ №56",https://evideo.bg/pe202410/01.html#10300026,,,010300026
010300027,ГР.БЛАГОЕВГРАД,"ГР.БЛАГОЕВГРАД, ПГСАГ ""ВАСИЛ ЛЕВСКИ"", УЛ. ТОДОР АЛЕКСАНДРОВ №56",https://evideo.bg/pe202410/01.html#10300027,,,010300027
010300028,ГР.БЛАГОЕВГРАД,"ГР.БЛАГОЕВГРАД, ІІІ-ТО ОСН.У-ЩЕ""ДИМИТЪР ТАЛЕВ"", БУЛ.""СВ. СВ. КИРИЛ И МЕТОДИЙ"" №13",https://evideo.bg/pe202410/01.html#10300028,,,010300028
010300029,ГР.БЛАГОЕВГРАД,"ГР.БЛАГОЕВГРАД, ІІІ-ТО ОСН.У-ЩЕ""ДИМИТЪР ТАЛЕВ"", БУЛ.""СВ. СВ. КИРИЛ И МЕТОДИЙ"" №13",https://evideo.bg/pe202410/01.html#10300029,,,010300029
010300030,ГР.БЛАГОЕВГРАД,"ГР.БЛАГОЕВГРАД, ІІІ-ТО ОСН.У-ЩЕ""ДИМИТЪР ТАЛЕВ"", БУЛ.""СВ. СВ. КИРИЛ И МЕТОДИЙ"" №13",https://evideo.bg/pe202410/01.html#10300030,,,010300030
010300031,ГР.БЛАГОЕВГРАД,"ГР.БЛАГОЕВГРАД, ІІІ-ТО ОСН.У-ЩЕ""ДИМИТЪР ТАЛЕВ"", БУЛ.""СВ. СВ. КИРИЛ И МЕТОДИЙ"" №13",https://evideo.bg/pe202410/01.html#10300031,,,010300031
010300032,ГР.БЛАГОЕВГРАД,"ГР.БЛАГОЕВГРАД, ДНЕВЕН ЦЕНТЪР ЗА ДЕЦА С УВРЕЖДАНИЯ ""ЗОРНИЦА"", УЛ.""СКАПТОПАРА"" №26",https://evideo.bg/pe202410/01.html#10300032,,,010300032
010300033,ГР.БЛАГОЕВГРАД,"ГР.БЛАГОЕВГРАД, БЛАГОЕВГРАДСКА ПРОФЕСИОНАЛНА ГИМНАЗИЯ, УЛ. ""ИВАН МИХАЙЛОВ"" №62",https://evideo.bg/pe202410/01.html#10300033,,,010300033
010300034,ГР.БЛАГОЕВГРАД,"ГР.БЛАГОЕВГРАД, ІІІ-ТО ОСН.У-ЩЕ""ДИМИТЪР ТАЛЕВ"", БУЛ.""СВ. СВ. КИРИЛ И МЕТОДИЙ"" №13",https://evideo.bg/pe202410/01.html#10300034,,,010300034
010300035,ГР.БЛАГОЕВГРАД,"ГР.БЛАГОЕВГРАД, ІІІ-ТО ОСН.У-ЩЕ""ДИМИТЪР ТАЛЕВ"", БУЛ.""СВ. СВ. КИРИЛ И МЕТОДИЙ"" №13",https://evideo.bg/pe202410/01.html#10300035,,,010300035
010300036,ГР.БЛАГОЕВГРАД,"ГР.БЛАГОЕВГРАД, ІІІ-ТО ОСН.У-ЩЕ""ДИМИТЪР ТАЛЕВ"", БУЛ.""СВ. СВ. КИРИЛ И МЕТОДИЙ"" №13",https://evideo.bg/pe202410/01.html#10300036,,,010300036
010300037,ГР.БЛАГОЕВГРАД,"ГР.БЛАГОЕВГРАД, ІІІ-ТО ОСН.У-ЩЕ""ДИМИТЪР ТАЛЕВ"", БУЛ.""СВ. СВ. КИРИЛ И МЕТОДИЙ"" №13",https://evideo.bg/pe202410/01.html#10300037,,,010300037
010300038,ГР.БЛАГОЕВГРАД,"ГР.БЛАГОЕВГРАД, ПГСАГ ""ВАСИЛ ЛЕВСКИ"", УЛ. ТОДОР АЛЕКСАНДРОВ №56",https://evideo.bg/pe202410/01.html#10300038,,,010300038
010300039,ГР.БЛАГОЕВГРАД,"ГР.БЛАГОЕВГРАД, ПГСАГ ""ВАСИЛ ЛЕВСКИ"", УЛ. ТОДОР АЛЕКСАНДРОВ №56",https://evideo.bg/pe202410/01.html#10300039,,,010300039
010300040,ГР.БЛАГОЕВГРАД,"ГР.БЛАГОЕВГРАД, VІІ-МО СУ""КУЗМАН ШАПКАРЕВ"", УЛ.""ИЛИНДЕН"" №13",https://evideo.bg/pe202410/01.html#10300040,,,010300040
010300041,ГР.БЛАГОЕВГРАД,"ГР.БЛАГОЕВГРАД, VІІ-МО СУ""КУЗМАН ШАПКАРЕВ"", УЛ.""ИЛИНДЕН"" №13",https://evideo.bg/pe202410/01.html#10300041,,,010300041
010300042,ГР.БЛАГОЕВГРАД,"ГР.БЛАГОЕВГРАД, VІІ-МО СУ""КУЗМАН ШАПКАРЕВ"", УЛ.""ИЛИНДЕН"" №13",https://evideo.bg/pe202410/01.html#10300042,,,010300042
010300043,ГР.БЛАГОЕВГРАД,"ГР.БЛАГОЕВГРАД, VІІ-МО СУ""КУЗМАН ШАПКАРЕВ"", УЛ.""ИЛИНДЕН"" №13",https://evideo.bg/pe202410/01.html#10300043,,,010300043
010300044,ГР.БЛАГОЕВГРАД,"ГР.БЛАГОЕВГРАД, ЕЗИКОВА ГИМНАЗИЯ""АКАД. ЛЮДМИЛ СТОЯНОВ"", УЛ.""МАРИЦА"" №4",https://evideo.bg/pe202410/01.html#10300044,,,010300044
010300045,ГР.БЛАГОЕВГРАД,"ГР.БЛАГОЕВГРАД, ЕЗИКОВА ГИМНАЗИЯ""АКАД. ЛЮДМИЛ СТОЯНОВ"", УЛ.""МАРИЦА"" №4",https://evideo.bg/pe202410/01.html#10300045,,,010300045
010300046,ГР.БЛАГОЕВГРАД,"ГР.БЛАГОЕВГРАД, ЕЗИКОВА ГИМНАЗИЯ""АКАД. ЛЮДМИЛ СТОЯНОВ"", УЛ.""МАРИЦА"" №4",https://evideo.bg/pe202410/01.html#10300046,,,010300046
010300047,ГР.БЛАГОЕВГРАД,"ГР.БЛАГОЕВГРАД, БЛАГОЕВГРАДСКА ПРОФЕСИОНАЛНА ГИМНАЗИЯ, УЛ. ""ИВАН МИХАЙЛОВ"" №62",https://evideo.bg/pe202410/01.html#10300047,,,010300047
010300048,ГР.БЛАГОЕВГРАД,"ГР.БЛАГОЕВГРАД, ІІІ-ТО ОСН.У-ЩЕ""ДИМИТЪР ТАЛЕВ"", БУЛ.""СВ. СВ. КИРИЛ И МЕТОДИЙ"" №13",https://evideo.bg/pe202410/01.html#10300048,,,010300048
010300049,ГР.БЛАГОЕВГРАД,"ГР.БЛАГОЕВГРАД, ІІІ-ТО ОСН.У-ЩЕ""ДИМИТЪР ТАЛЕВ"", БУЛ.""СВ. СВ. КИРИЛ И МЕТОДИЙ"" №13",https://evideo.bg/pe202410/01.html#10300049,,,010300049
010300050,ГР.БЛАГОЕВГРАД,"ГР.БЛАГОЕВГРАД, ЕЗИКОВА ГИМНАЗИЯ""АКАД. ЛЮДМИЛ СТОЯНОВ"", УЛ.""МАРИЦА"" №4",https://evideo.bg/pe202410/01.html#10300050,,,010300050
010300051,ГР.БЛАГОЕВГРАД,"ГР.БЛАГОЕВГРАД, ЕЗИКОВА ГИМНАЗИЯ""АКАД. ЛЮДМИЛ СТОЯНОВ"", УЛ.""МАРИЦА"" №4",https://evideo.bg/pe202410/01.html#10300051,,,010300051
010300052,ГР.БЛАГОЕВГРАД,"ГР.БЛАГОЕВГРАД, VІІ-МО СУ""КУЗМАН ШАПКАРЕВ"", УЛ.""ИЛИНДЕН"" №13",https://evideo.bg/pe202410/01.html#10300052,,,010300052
010300053,ГР.БЛАГОЕВГРАД,"ГР.БЛАГОЕВГРАД, ІV-ТО ОСН.У-ЩЕ""ДИМЧО ДЕБЕЛЯНОВ"", УЛ.""ОСОГОВО"" №9",https://evideo.bg/pe202410/01.html#10300053,,,010300053
010300054,ГР.БЛАГОЕВГРАД,"ГР.БЛАГОЕВГРАД, ІV-ТО ОСН.У-ЩЕ""ДИМЧО ДЕБЕЛЯНОВ"", УЛ.""ОСОГОВО"" №9",https://evideo.bg/pe202410/01.html#10300054,,,010300054
010300055,ГР.БЛАГОЕВГРАД,"ГР.БЛАГОЕВГРАД, ІV-ТО ОСН.У-ЩЕ""ДИМЧО ДЕБЕЛЯНОВ"", УЛ.""ОСОГОВО"" №9",https://evideo.bg/pe202410/01.html#10300055,,,010300055
010300056,ГР.БЛАГОЕВГРАД,"ГР.БЛАГОЕВГРАД, ІV-ТО ОСН.У-ЩЕ""ДИМЧО ДЕБЕЛЯНОВ"", УЛ.""ОСОГОВО"" №9",https://evideo.bg/pe202410/01.html#10300056,,,010300056
010300057,ГР.БЛАГОЕВГРАД,"ГР.БЛАГОЕВГРАД, ІV-ТО ОСН.У-ЩЕ""ДИМЧО ДЕБЕЛЯНОВ"", УЛ.""ОСОГОВО"" №9",https://evideo.bg/pe202410/01.html#10300057,,,010300057
010300058,ГР.БЛАГОЕВГРАД,"ГР.БЛАГОЕВГРАД, ІV-ТО ОСН.У-ЩЕ""ДИМЧО ДЕБЕЛЯНОВ"", УЛ.""ОСОГОВО"" №9",https://evideo.bg/pe202410/01.html#10300058,,,010300058
010300059,ГР.БЛАГОЕВГРАД,"ГР.БЛАГОЕВГРАД, ДЕТСКА ГРАДИНА ""УСМИВКА"", УЛ.""ОСВОБОЖДЕНИЕ"" №03",https://evideo.bg/pe202410/01.html#10300059,,,010300059
010300060,ГР.БЛАГОЕВГРАД,"ГР.БЛАГОЕВГРАД, ДЕТСКА ГРАДИНА ""УСМИВКА"", УЛ.""ОСВОБОЖДЕНИЕ"" №03",https://evideo.bg/pe202410/01.html#10300060,,,010300060
010300061,ГР.БЛАГОЕВГРАД,"ГР.БЛАГОЕВГРАД, ДЕТСКА ГРАДИНА ""УСМИВКА"", УЛ.""ОСВОБОЖДЕНИЕ"" №03",https://evideo.bg/pe202410/01.html#10300061,,,010300061
010300062,ГР.БЛАГОЕВГРАД,"ГР.БЛАГОЕВГРАД, VI-ТО СУ""ИВАН ВАЗОВ"",УЛ.""ЯНЕ САНДАНСКИ"" №001",https://evideo.bg/pe202410/01.html#10300062,,,010300062
010300063,ГР.БЛАГОЕВГРАД,"ГР.БЛАГОЕВГРАД, VI-ТО СУ""ИВАН ВАЗОВ"",УЛ.""ЯНЕ САНДАНСКИ"" №001",https://evideo.bg/pe202410/01.html#10300063,,,010300063
010300064,ГР.БЛАГОЕВГРАД,"ГР.БЛАГОЕВГРАД, VI-ТО СУ""ИВАН ВАЗОВ"",УЛ.""ЯНЕ САНДАНСКИ"" №001",https://evideo.bg/pe202410/01.html#10300064,,,010300064
010300065,ГР.БЛАГОЕВГРАД,"ГР.БЛАГОЕВГРАД, VI-ТО СУ""ИВАН ВАЗОВ"",УЛ.""ЯНЕ САНДАНСКИ"" №001",https://evideo.bg/pe202410/01.html#10300065,,,010300065
010300066,ГР.БЛАГОЕВГРАД,"ГР.БЛАГОЕВГРАД, VI-ТО СУ""ИВАН ВАЗОВ"",УЛ.""ЯНЕ САНДАНСКИ"" №001",https://evideo.bg/pe202410/01.html#10300066,,,010300066
010300067,ГР.БЛАГОЕВГРАД,"ГР.БЛАГОЕВГРАД, VI-ТО СУ""ИВАН ВАЗОВ"",УЛ.""ЯНЕ САНДАНСКИ"" №001",https://evideo.bg/pe202410/01.html#10300067,,,010300067
010300068,ГР.БЛАГОЕВГРАД,"ГР.БЛАГОЕВГРАД, VI-ТО СУ""ИВАН ВАЗОВ"",УЛ.""ЯНЕ САНДАНСКИ"" №001",https://evideo.bg/pe202410/01.html#10300068,,,010300068
010300069,ГР.БЛАГОЕВГРАД,"ГР.БЛАГОЕВГРАД, VI-ТО СУ""ИВАН ВАЗОВ"",УЛ.""ЯНЕ САНДАНСКИ"" №001",https://evideo.bg/pe202410/01.html#10300069,,,010300069
010300070,ГР.БЛАГОЕВГРАД,"ГР.БЛАГОЕВГРАД, VI-ТО СУ""ИВАН ВАЗОВ"",УЛ.""ЯНЕ САНДАНСКИ"" №001",https://evideo.bg/pe202410/01.html#10300070,,,010300070
010300071,ГР.БЛАГОЕВГРАД,"ГР.БЛАГОЕВГРАД, ІХ-ТО ОСН.У-ЩЕ""ПЕЙО ЯВОРОВ"" , ЖК""АЛЕН МАК""",https://evideo.bg/pe202410/01.html#10300071,,,010300071
010300072,ГР.БЛАГОЕВГРАД,"ГР.БЛАГОЕВГРАД, ІХ-ТО ОСН.У-ЩЕ""ПЕЙО ЯВОРОВ"" , ЖК""АЛЕН МАК""",https://evideo.bg/pe202410/01.html#10300072,,,010300072
010300073,ГР.БЛАГОЕВГРАД,"ГР.БЛАГОЕВГРАД, ІХ-ТО ОСН.У-ЩЕ""ПЕЙО ЯВОРОВ"" , ЖК""АЛЕН МАК""",https://evideo.bg/pe202410/01.html#10300073,,,010300073
010300074,ГР.БЛАГОЕВГРАД,"ГР.БЛАГОЕВГРАД, ІХ-ТО ОСН.У-ЩЕ""ПЕЙО ЯВОРОВ"" , ЖК""АЛЕН МАК""",https://evideo.bg/pe202410/01.html#10300074,,,010300074
010300075,ГР.БЛАГОЕВГРАД,"ГР.БЛАГОЕВГРАД, ІХ-ТО ОСН.У-ЩЕ""ПЕЙО ЯВОРОВ"" , ЖК""АЛЕН МАК""",https://evideo.bg/pe202410/01.html#10300075,,,010300075
010300076,ГР.БЛАГОЕВГРАД,"ГР.БЛАГОЕВГРАД, ХІ-ТО ОСН.У-ЩЕ""ХРИСТО БОТЕВ"", ЖК""ЕЛЕНОВО""",https://evideo.bg/pe202410/01.html#10300076,,,010300076
010300077,ГР.БЛАГОЕВГРАД,"ГР.БЛАГОЕВГРАД, ХІ-ТО ОСН.У-ЩЕ""ХРИСТО БОТЕВ"", ЖК""ЕЛЕНОВО""",https://evideo.bg/pe202410/01.html#10300077,,,010300077
010300078,ГР.БЛАГОЕВГРАД,"ГР.БЛАГОЕВГРАД, ХІ-ТО ОСН.У-ЩЕ""ХРИСТО БОТЕВ"", ЖК""ЕЛЕНОВО""",https://evideo.bg/pe202410/01.html#10300078,,,010300078
010300079,ГР.БЛАГОЕВГРАД,"ГР.БЛАГОЕВГРАД, ХІ-ТО ОСН.У-ЩЕ""ХРИСТО БОТЕВ"", ЖК""ЕЛЕНОВО""",https://evideo.bg/pe202410/01.html#10300079,,,010300079
010300080,ГР.БЛАГОЕВГРАД,"ГР.БЛАГОЕВГРАД, ХІ-ТО ОСН.У-ЩЕ""ХРИСТО БОТЕВ"", ЖК""ЕЛЕНОВО""",https://evideo.bg/pe202410/01.html#10300080,,,010300080
010300081,ГР.БЛАГОЕВГРАД,"ГР.БЛАГОЕВГРАД, ХІ-ТО ОСН.У-ЩЕ""ХРИСТО БОТЕВ"", ЖК""ЕЛЕНОВО""",https://evideo.bg/pe202410/01.html#10300081,,,010300081
010300082,ГР.БЛАГОЕВГРАД,"ГР.БЛАГОЕВГРАД, ХІ-ТО ОСН.У-ЩЕ""ХРИСТО БОТЕВ"", ЖК""ЕЛЕНОВО""",https://evideo.bg/pe202410/01.html#10300082,,,010300082
010300083,ГР.БЛАГОЕВГРАД,"ГР.БЛАГОЕВГРАД, ХІ-ТО ОСН.У-ЩЕ""ХРИСТО БОТЕВ"", ЖК""ЕЛЕНОВО""",https://evideo.bg/pe202410/01.html#10300083,,,010300083
010300084,ГР.БЛАГОЕВГРАД,"ГР.БЛАГОЕВГРАД, VІІІ-МО СУ""АРСЕНИЙ КОСТЕНЦЕВ"", ЖК""ЕЛЕНОВО""",https://evideo.bg/pe202410/01.html#10300084,,,010300084
010300085,ГР.БЛАГОЕВГРАД,"ГР.БЛАГОЕВГРАД, VІІІ-МО СУ""АРСЕНИЙ КОСТЕНЦЕВ"", ЖК""ЕЛЕНОВО""",https://evideo.bg/pe202410/01.html#10300085,,,010300085
010300086,ГР.БЛАГОЕВГРАД,"ГР.БЛАГОЕВГРАД, VІІІ-МО СУ""АРСЕНИЙ КОСТЕНЦЕВ"", ЖК""ЕЛЕНОВО""",https://evideo.bg/pe202410/01.html#10300086,,,010300086
010300087,ГР.БЛАГОЕВГРАД,"ГР.БЛАГОЕВГРАД, VІІІ-МО СУ""АРСЕНИЙ КОСТЕНЦЕВ"", ЖК""ЕЛЕНОВО""",https://evideo.bg/pe202410/01.html#10300087,,,010300087
010300088,ГР.БЛАГОЕВГРАД,"ГР.БЛАГОЕВГРАД, VІІІ-МО СУ""АРСЕНИЙ КОСТЕНЦЕВ"", ЖК""ЕЛЕНОВО""",https://evideo.bg/pe202410/01.html#10300088,,,010300088
010300089,ГР.БЛАГОЕВГРАД,"ГР.БЛАГОЕВГРАД, VІІІ-МО СУ""АРСЕНИЙ КОСТЕНЦЕВ"", ЖК""ЕЛЕНОВО""",https://evideo.bg/pe202410/01.html#10300089,,,010300089
010300090,ГР.БЛАГОЕВГРАД,"ГР.БЛАГОЕВГРАД, VІІІ-МО СУ""АРСЕНИЙ КОСТЕНЦЕВ"", ЖК""ЕЛЕНОВО""",https://evideo.bg/pe202410/01.html#10300090,,,010300090
010300091,ГР.БЛАГОЕВГРАД,"ГР.БЛАГОЕВГРАД, VІІІ-МО СУ""АРСЕНИЙ КОСТЕНЦЕВ"", ЖК""ЕЛЕНОВО""",https://evideo.bg/pe202410/01.html#10300091,,,010300091
010300092,ГР.БЛАГОЕВГРАД,"ГР.БЛАГОЕВГРАД, VІІІ-МО СУ""АРСЕНИЙ КОСТЕНЦЕВ"", ЖК""ЕЛЕНОВО""",https://evideo.bg/pe202410/01.html#10300092,,,010300092
010300093,ГР.БЛАГОЕВГРАД,"ГР.БЛАГОЕВГРАД, VІІІ-МО СУ""АРСЕНИЙ КОСТЕНЦЕВ"", ЖК""ЕЛЕНОВО""",https://evideo.bg/pe202410/01.html#10300093,,,010300093
010300094,ГР.БЛАГОЕВГРАД,"ГР.БЛАГОЕВГРАД, VІІІ-МО СУ""АРСЕНИЙ КОСТЕНЦЕВ"", ЖК""ЕЛЕНОВО""",https://evideo.bg/pe202410/01.html#10300094,,,010300094
010300095,ГР.БЛАГОЕВГРАД,"ГР.БЛАГОЕВГРАД, БЛАГОЕВГРАДСКА ПРОФЕСИОНАЛНА ГИМНАЗИЯ, УЛ. ""ИВАН МИХАЙЛОВ"" №62",https://evideo.bg/pe202410/01.html#10300095,,,010300095
010300096,ГР.БЛАГОЕВГРАД,"ГР.БЛАГОЕВГРАД, БЛАГОЕВГРАДСКА ПРОФЕСИОНАЛНА ГИМНАЗИЯ, УЛ. ""ИВАН МИХАЙЛОВ"" №62",https://evideo.bg/pe202410/01.html#10300096,,,010300096
010300097,ГР.БЛАГОЕВГРАД,"ГР.БЛАГОЕВГРАД, ЦЕНТЪР ЗА ЛИЧНОСТНО И ТВОРЧЕСКО РАЗВИТИЕ НА ДЕЦАТА, УЛ.""БИСТРИЦА"" №001",https://evideo.bg/pe202410/01.html#10300097,,,010300097
010300098,ГР.БЛАГОЕВГРАД,"ГР.БЛАГОЕВГРАД, СУИЧЕ""СВ. КЛИМЕНТ ОХРИДСКИ"",УЛ.""БРЕГАЛНИЦА"" №002",https://evideo.bg/pe202410/01.html#10300098,,,010300098
010300099,ГР.БЛАГОЕВГРАД,"ГР.БЛАГОЕВГРАД, ДЕТСКА ГРАДИНА №11 ""ЗДРАВЕЦ"", УЛ.""ЛАЛЕ"" №011",https://evideo.bg/pe202410/01.html#10300099,,,010300099
010300100,ГР.БЛАГОЕВГРАД,"ГР.БЛАГОЕВГРАД, ЦСОП ""СВ. ПАИСИЙ ХИЛЕНДАРСКИ"", УЛ.""СВОБОДА"" №3",https://evideo.bg/pe202410/01.html#10300100,,,010300100
010300101,ГР.БЛАГОЕВГРАД,"ГР.БЛАГОЕВГРАД, V-ТО СУ""ГЕОРГИ ИЗМИРЛИЕВ"", УЛ.""ХРИСТО ЧЕРНОПЕЕВ"" №16",https://evideo.bg/pe202410/01.html#10300101,,,010300101
010300102,ГР.БЛАГОЕВГРАД,"ГР.БЛАГОЕВГРАД, V-ТО СУ""ГЕОРГИ ИЗМИРЛИЕВ"", УЛ.""ХРИСТО ЧЕРНОПЕЕВ"" №16",https://evideo.bg/pe202410/01.html#10300102,,,010300102
010300103,ГР.БЛАГОЕВГРАД,"ГР.БЛАГОЕВГРАД, V-ТО СУ""ГЕОРГИ ИЗМИРЛИЕВ"", УЛ.""ХРИСТО ЧЕРНОПЕЕВ"" №16",https://evideo.bg/pe202410/01.html#10300103,,,010300103
010300104,ГР.БЛАГОЕВГРАД,"ГР.БЛАГОЕВГРАД, VІІ-МО СУ""КУЗМАН ШАПКАРЕВ"", УЛ.""ИЛИНДЕН"" №13",https://evideo.bg/pe202410/01.html#10300104,,,010300104
010300105,ГР.БЛАГОЕВГРАД,"ГР.БЛАГОЕВГРАД, ЕЗИКОВА ГИМНАЗИЯ""АКАД. ЛЮДМИЛ СТОЯНОВ"", УЛ.""МАРИЦА"" №4",https://evideo.bg/pe202410/01.html#10300105,,,010300105
010300106,ГР.БЛАГОЕВГРАД,"ГР.БЛАГОЕВГРАД, ЕЗИКОВА ГИМНАЗИЯ""АКАД. ЛЮДМИЛ СТОЯНОВ"", УЛ.""МАРИЦА"" №4",https://evideo.bg/pe202410/01.html#10300106,,,010300106
010300107,ГР.БЛАГОЕВГРАД,"ГР.БЛАГОЕВГРАД, VІІ-МО СУ""КУЗМАН ШАПКАРЕВ"", УЛ.""ИЛИНДЕН"" №13",https://evideo.bg/pe202410/01.html#10300107,,,010300107
010300108,ГР.БЛАГОЕВГРАД,"ГР.БЛАГОЕВГРАД, ДЕТСКА ГРАДИНА ""УСМИВКА"", УЛ.""ОСВОБОЖДЕНИЕ"" №09",https://evideo.bg/pe202410/01.html#10300108,,,010300108
010300109,ГР.БЛАГОЕВГРАД,"ГР.БЛАГОЕВГРАД, VI-ТО СУ""ИВАН ВАЗОВ"",УЛ.""ЯНЕ САНДАНСКИ"" №001",https://evideo.bg/pe202410/01.html#10300109,,,010300109
010300110,ГР.БЛАГОЕВГРАД,"ГР.БЛАГОЕВГРАД, VI-ТО СУ""ИВАН ВАЗОВ"",УЛ.""ЯНЕ САНДАНСКИ"" №001",https://evideo.bg/pe202410/01.html#10300110,,,010300110
010300111,ГР.БЛАГОЕВГРАД,"ГР.БЛАГОЕВГРАД, ІХ-ТО ОСН.У-ЩЕ""ПЕЙО ЯВОРОВ"" , ЖК""АЛЕН МАК""",https://evideo.bg/pe202410/01.html#10300111,,,010300111
010300112,ГР.БЛАГОЕВГРАД,"ГР.БЛАГОЕВГРАД, ХІ-ТО ОСН.У-ЩЕ""ХРИСТО БОТЕВ"", ЖК""ЕЛЕНОВО""",https://evideo.bg/pe202410/01.html#10300112,,,010300112
010300113,ГР.БЛАГОЕВГРАД,"ГР.БЛАГОЕВГРАД, ХІ-ТО ОСН.У-ЩЕ""ХРИСТО БОТЕВ"", ЖК""ЕЛЕНОВО""",https://evideo.bg/pe202410/01.html#10300113,,,010300113
010300114,ГР.БЛАГОЕВГРАД,"ГР.БЛАГОЕВГРАД, VІІІ-МО СУ""АРСЕНИЙ КОСТЕНЦЕВ"", ЖК""ЕЛЕНОВО""",https://evideo.bg/pe202410/01.html#10300114,,,010300114
010300115,ГР.БЛАГОЕВГРАД,"ГР.БЛАГОЕВГРАД, VІІІ-МО СУ""АРСЕНИЙ КОСТЕНЦЕВ"", ЖК""ЕЛЕНОВО""",https://evideo.bg/pe202410/01.html#10300115,,,010300115
010300116,С.БИСТРИЦА,"С.БИСТРИЦА, КМЕТСТВО",https://evideo.bg/pe202410/01.html#10300116,,,010300116
010300117,С.ГОРНО ХЪРСОВО,"С.ГОРНО ХЪРСОВО, КМЕТСТВО",https://evideo.bg/pe202410/01.html#10300117,,,010300117
010300118,С.МАРУЛЕВО,"С.МАРУЛЕВО, КМЕТСТВО",https://evideo.bg/pe202410/01.html#10300118,,,010300118
010300119,С.ИЗГРЕВ,"С.ИЗГРЕВ, КМЕТСТВО",https://evideo.bg/pe202410/01.html#10300119,,,010300119
010300120,С.ЦЕРОВО,"С.ЦЕРОВО, КМЕТСТВО",https://evideo.bg/pe202410/01.html#10300120,,,010300120
010300121,С.ПОКРОВНИК,"С.ПОКРОВНИК, КМЕТСТВО",https://evideo.bg/pe202410/01.html#10300121,,,010300121
010300122,С.МОЩАНЕЦ,"С.МОЩАНЕЦ, КМЕТСТВО",https://evideo.bg/pe202410/01.html#10300122,,,010300122
010300123,С.ПАДЕШ,"С.ПАДЕШ, КМЕТСТВО",https://evideo.bg/pe202410/01.html#10300123,,,010300123
010300124,С.ДЕЛВИНО,"С.ДЕЛВИНО, КМЕТСТВО",https://evideo.bg/pe202410/01.html#10300124,,,010300124
010300125,С.ГАБРОВО,"С.ГАБРОВО, КМЕТСТВО",https://evideo.bg/pe202410/01.html#10300125,,,010300125
010300126,С.ДЕБОЧИЦА,"С.ДЕБОЧИЦА, КМЕТСТВО",https://evideo.bg/pe202410/01.html#10300126,,,010300126
010300127,С.ЛЕШКО,"С.ЛЕШКО, КМЕТСТВО",https://evideo.bg/pe202410/01.html#10300127,,,010300127
010300128,С.ЛЕШКО,"С.ЛЕШКО, СТАРОТО КМЕТСТВО (ГОРНО ЛЕШКО)",https://evideo.bg/pe202410/01.html#10300128,,,010300128
010300129,С.БЕЛО ПОЛЕ,"С.БЕЛО ПОЛЕ, КМЕТСТВО",https://evideo.bg/pe202410/01.html#10300129,,,010300129
010300130,С.РИЛЦИ,"С.РИЛЦИ, КМЕТСТВО",https://evideo.bg/pe202410/01.html#10300130,,,010300130
010300131,С.ДЪБРАВА,"С.ДЪБРАВА, КМЕТСТВО",https://evideo.bg/pe202410/01.html#10300131,,,010300131
010300132,С.ЗЕЛЕНДОЛ,"С.ЗЕЛЕНДОЛ, КМЕТСТВО",https://evideo.bg/pe202410/01.html#10300132,,,010300132
010300133,С.БЪЛГАРЧЕВО,"С.БЪЛГАРЧЕВО, КМЕТСТВО",https://evideo.bg/pe202410/01.html#10300133,,,010300133
010300134,С.БУЧИНО,"С.БУЧИНО, КМЕТСТВО",https://evideo.bg/pe202410/01.html#10300134,,,010300134
010300135,С.СЕЛИЩЕ,"С.СЕЛИЩЕ, КМЕТСТВО",https://evideo.bg/pe202410/01.html#10300135,,,010300135
010300136,С.ДРЕНКОВО,"С.ДРЕНКОВО, КМЕТСТВО",https://evideo.bg/pe202410/01.html#10300136,,,010300136
010300137,С.ЛОГОДАЖ,"С.ЛОГОДАЖ, ДЕТСКАТА ГРАДИНА /УЧИЛИЩЕТО/",https://evideo.bg/pe202410/01.html#10300137,,,010300137
010300138,С.КЛИСУРА,"С.КЛИСУРА, КМЕТСТВО С.КЛИСУРА",https://evideo.bg/pe202410/01.html#10300138,,,010300138
010300139,С.ЕЛЕНОВО,"С.ЕЛЕНОВО, КМЕТСТВО",https://evideo.bg/pe202410/01.html#10300139,,,010300139
011100001,ГР.ГОЦЕ ДЕЛЧЕВ,"ГР.ГОЦЕ ДЕЛЧЕВ, ДГ ""РАДОСТ"" №4, УЛ.""ЗАВОЙ НА ЧЕРНА"" №13",https://evideo.bg/pe202410/01.html#11100001,,,011100001
011100002,ГР.ГОЦЕ ДЕЛЧЕВ,"ГР.ГОЦЕ ДЕЛЧЕВ, ДГ ""РАДОСТ"" №4, УЛ.""ЗАВОЙ НА ЧЕРНА"" №13",https://evideo.bg/pe202410/01.html#11100002,,,011100002
011100003,ГР.ГОЦЕ ДЕЛЧЕВ,"ГР.ГОЦЕ ДЕЛЧЕВ, ІІІ-ТО ОСН.УЧИЛИЩЕ ""БРАТЯ МИЛАДИНОВИ"", УЛ.""ПОЛК. ДРАНГОВ"" №17",https://evideo.bg/pe202410/01.html#11100003,,,011100003
011100004,ГР.ГОЦЕ ДЕЛЧЕВ,"ГР.ГОЦЕ ДЕЛЧЕВ, І-ТО ОСН.УЧИЛИЩЕ ""СВ.СВ.КИРИЛ И МЕТОДИЙ"", УЛ.""ОТЕЦ ПАИСИЙ"" №4",https://evideo.bg/pe202410/01.html#11100004,,,011100004
011100005,ГР.ГОЦЕ ДЕЛЧЕВ,"ГР.ГОЦЕ ДЕЛЧЕВ, І-ТО ОСН.УЧИЛИЩЕ ""СВ.СВ.КИРИЛ И МЕТОДИЙ"", УЛ.""ОТЕЦ ПАИСИЙ"" №4",https://evideo.bg/pe202410/01.html#11100005,,,011100005
011100006,ГР.ГОЦЕ ДЕЛЧЕВ,"ГР.ГОЦЕ ДЕЛЧЕВ, ПРИРОДО-МАТЕМАТИЧЕСКА ГИМНАЗИЯ""ЯНЕ САНДАНСКИ"", УЛ.""СКОПИЕ"" №4",https://evideo.bg/pe202410/01.html#11100006,,,011100006
011100007,ГР.ГОЦЕ ДЕЛЧЕВ,"ГР.ГОЦЕ ДЕЛЧЕВ, І-ТО ОСН.УЧИЛИЩЕ ""СВ.СВ.КИРИЛ И МЕТОДИЙ"", УЛ.""ОТЕЦ ПАИСИЙ"" №4",https://evideo.bg/pe202410/01.html#11100007,,,011100007
011100008,ГР.ГОЦЕ ДЕЛЧЕВ,"ГР.ГОЦЕ ДЕЛЧЕВ, КЛУБ НА ПЕНСИОНЕРА, УЛ.""ИЛИЯ БАТАКЛИЕВ"" №2",https://evideo.bg/pe202410/01.html#11100008,,,011100008
011100009,ГР.ГОЦЕ ДЕЛЧЕВ,"ГР.ГОЦЕ ДЕЛЧЕВ, МЛАДЕЖКИ ДОМ, УЛ.""ПЕЙО ЯВОРОВ"" №1",https://evideo.bg/pe202410/01.html#11100009,,,011100009
011100010,ГР.ГОЦЕ ДЕЛЧЕВ,"ГР.ГОЦЕ ДЕЛЧЕВ, ІІ-ТО ОСН.УЧИЛИЩЕ ""ГОЦЕ ДЕЛЧЕВ"", УЛ.""ГОЦЕ ДЕЛЧЕВ"" №13",https://evideo.bg/pe202410/01.html#11100010,,,011100010
011100011,ГР.ГОЦЕ ДЕЛЧЕВ,"ГР.ГОЦЕ ДЕЛЧЕВ, ІІ-ТО ОСН.УЧИЛИЩЕ ""ГОЦЕ ДЕЛЧЕВ"", УЛ.""ГОЦЕ ДЕЛЧЕВ"" №13",https://evideo.bg/pe202410/01.html#11100011,,,011100011
011100012,ГР.ГОЦЕ ДЕЛЧЕВ,"ГР.ГОЦЕ ДЕЛЧЕВ, НПГ ""ДИМИТЪР ТАЛЕВ"", УЛ.""ГОЦЕ ДЕЛЧЕВ"" № 36",https://evideo.bg/pe202410/01.html#11100012,,,011100012
011100013,ГР.ГОЦЕ ДЕЛЧЕВ,"ГР.ГОЦЕ ДЕЛЧЕВ, НПГ ""ДИМИТЪР ТАЛЕВ"", УЛ.""ГОЦЕ ДЕЛЧЕВ"" № 36",https://evideo.bg/pe202410/01.html#11100013,,,011100013
011100014,ГР.ГОЦЕ ДЕЛЧЕВ,"ГР.ГОЦЕ ДЕЛЧЕВ, ДГ ""ДЖАНИ РОДАРИ"", УЛ.""МИХАИЛ ДАЕВ"" № 1",https://evideo.bg/pe202410/01.html#11100014,,,011100014
011100015,ГР.ГОЦЕ ДЕЛЧЕВ,"ГР.ГОЦЕ ДЕЛЧЕВ, ДГ ""ДЖАНИ РОДАРИ"", УЛ.""МИХАИЛ ДАЕВ"" № 1",https://evideo.bg/pe202410/01.html#11100015,,,011100015
011100016,ГР.ГОЦЕ ДЕЛЧЕВ,"ГР.ГОЦЕ ДЕЛЧЕВ, ПГ ПО МСС ""П.К.ЯВОРОВ"", УЛ.""СИМЕОН РАДЕВ"" №6",https://evideo.bg/pe202410/01.html#11100016,,,011100016
011100017,ГР.ГОЦЕ ДЕЛЧЕВ,"ГР.ГОЦЕ ДЕЛЧЕВ, ДГ ""КАЛИНКА"", УЛ.""ДРАГОМАН"" №15",https://evideo.bg/pe202410/01.html#11100017,,,011100017
011100018,ГР.ГОЦЕ ДЕЛЧЕВ,"ГР.ГОЦЕ ДЕЛЧЕВ, ДГ ""КАЛИНКА"", УЛ.""ДРАГОМАН"" №15",https://evideo.bg/pe202410/01.html#11100018,,,011100018
011100019,ГР.ГОЦЕ ДЕЛЧЕВ,"ГР.ГОЦЕ ДЕЛЧЕВ, ДГ ""КАЛИНКА"", УЛ.""ДРАГОМАН"" №15",https://evideo.bg/pe202410/01.html#11100019,,,011100019
011100020,ГР.ГОЦЕ ДЕЛЧЕВ,"ГР.ГОЦЕ ДЕЛЧЕВ, ДНА , УЛ.""ДРАМА"" №1",https://evideo.bg/pe202410/01.html#11100020,,,011100020
011100021,ГР.ГОЦЕ ДЕЛЧЕВ,"ГР.ГОЦЕ ДЕЛЧЕВ, ДНА , УЛ.""ДРАМА"" №1",https://evideo.bg/pe202410/01.html#11100021,,,011100021
011100022,ГР.ГОЦЕ ДЕЛЧЕВ,"ГР.ГОЦЕ ДЕЛЧЕВ, ДНА , УЛ.""ДРАМА"" №1",https://evideo.bg/pe202410/01.html#11100022,,,011100022
011100024,С.МОСОМИЩЕ,"С.МОСОМИЩЕ, ОСНОВНО УЧИЛИЩЕ ""ХРИСТО БОТЕВ"", УЛ.""ГОЦЕ ДЕЛЧЕВ"" №2",https://evideo.bg/pe202410/01.html#11100024,,,011100024
011100025,С.МОСОМИЩЕ,"С.МОСОМИЩЕ, ЧИТАЛИЩЕ ""Н.Й.ВАПЦАРОВ"", УЛ.""ЮРИЙ ГАГАРИН"" №1",https://evideo.bg/pe202410/01.html#11100025,,,011100025
011100026,С.МОСОМИЩЕ,"С.МОСОМИЩЕ, ОСНОВНО УЧИЛИЩЕ ""ХРИСТО БОТЕВ"", УЛ.""ГОЦЕ ДЕЛЧЕВ"" №2",https://evideo.bg/pe202410/01.html#11100026,,,011100026
011100027,С.БОРОВО,"С.БОРОВО, ОСНОВНО УЧИЛИЩЕ ""СВ.КЛИМЕНТ ОХРИДСКИ"", УЛ.""ГЕНЕРАЛ КОВАЧЕВ"" №13",https://evideo.bg/pe202410/01.html#11100027,,,011100027
011100028,С.БОРОВО,"С.БОРОВО, ОСНОВНО УЧИЛИЩЕ ""СВ.КЛИМЕНТ ОХРИДСКИ"", УЛ.""ГЕНЕРАЛ КОВАЧЕВ"" №13",https://evideo.bg/pe202410/01.html#11100028,,,011100028
011100029,С.БАНИЧАН,"С.БАНИЧАН, ОСНОВНО УЧИЛИЩЕ ""СВ.ПАИСИЙ ХИЛЕНДАРСКИ""",https://evideo.bg/pe202410/01.html#11100029,,,011100029
011100030,С.ГОСПОДИНЦИ,"С.ГОСПОДИНЦИ, КМЕТСТВО",https://evideo.bg/pe202410/01.html#11100030,,,011100030
011100031,С.БУКОВО,"С.БУКОВО, ОСНОВНО УЧИЛИЩЕ ""ИВАН ВАЗОВ""",https://evideo.bg/pe202410/01.html#11100031,,,011100031
011100032,С.БРЕЗНИЦА,"С.БРЕЗНИЦА, ЧИТАЛИЩЕ ""П.Р.СЛАВЕЙКОВ"" - МЛАДЕЖКИ ДОМ, УЛ.""НЕВРОКОП"" №1",https://evideo.bg/pe202410/01.html#11100032,,,011100032
011100033,С.БРЕЗНИЦА,"С.БРЕЗНИЦА, ЧИТАЛИЩЕ ""П.Р.СЛАВЕЙКОВ"" - МЛАДЕЖКИ ДОМ, УЛ.""НЕВРОКОП"" №1",https://evideo.bg/pe202410/01.html#11100033,,,011100033
011100034,С.БРЕЗНИЦА,"С.БРЕЗНИЦА, ОСНОВНО УЧИЛИЩЕ ""СВ.СВ.КИРИЛ И МЕТОДИЙ"", УЛ.""ЧАРКА"" №23",https://evideo.bg/pe202410/01.html#11100034,,,011100034
011100035,С.БРЕЗНИЦА,"С.БРЕЗНИЦА, ЧИТАЛИЩЕ ""П.Р.СЛАВЕЙКОВ"" - МЛАДЕЖКИ ДОМ, УЛ.""НЕВРОКОП"" №1",https://evideo.bg/pe202410/01.html#11100035,,,011100035
011100036,С.КОРНИЦА,"С.КОРНИЦА, ЧИТАЛИЩЕ ""ОТЕЦ ПАИСИЙ""",https://evideo.bg/pe202410/01.html#11100036,,,011100036
011100037,С.КОРНИЦА,"С.КОРНИЦА, ОСНОВНО УЧИЛИЩЕ ""СВ.ПАИСИЙ ХИЛЕНДАРСКИ"", УЛ.""ПИРИН"" №20",https://evideo.bg/pe202410/01.html#11100037,,,011100037
011100038,С.КОРНИЦА,"С.КОРНИЦА, ОСНОВНО УЧИЛИЩЕ ""СВ.ПАИСИЙ ХИЛЕНДАРСКИ"", УЛ.""ПИРИН"" №20",https://evideo.bg/pe202410/01.html#11100038,,,011100038
011100039,С.ЛЪЖНИЦА,"С.ЛЪЖНИЦА, ОСНОВНО УЧИЛИЩЕ ""ПЕТЪР БЕРОН"", УЛ.""ПРОГРЕС"" №6",https://evideo.bg/pe202410/01.html#11100039,,,011100039
011100040,С.ЛЪЖНИЦА,"С.ЛЪЖНИЦА, ОСНОВНО УЧИЛИЩЕ ""ПЕТЪР БЕРОН"", УЛ.""ПРОГРЕС"" №6",https://evideo.bg/pe202410/01.html#11100040,,,011100040
011100041,С.ДОБРОТИНО,"С.ДОБРОТИНО, КМЕТСТВО",https://evideo.bg/pe202410/01.html#11100041,,,011100041
011100042,С.ДЕЛЧЕВО,"С.ДЕЛЧЕВО, КМЕТСТВО",https://evideo.bg/pe202410/01.html#11100042,,,011100042
011300001,С.ГЪРМЕН,"С.ГЪРМЕН, КАФЕ ""БИСТРОТО""",https://evideo.bg/pe202410/01.html#11300001,,,011300001
011300002,С.ГЪРМЕН,"С.ГЪРМЕН, ЧИТАЛИЩЕ ""ИСКРА""",https://evideo.bg/pe202410/01.html#11300002,,,011300002
011300003,С.БАЛДЕВО,"С.БАЛДЕВО, КМЕТСТВО",https://evideo.bg/pe202410/01.html#11300003,,,011300003
011300004,С.ГОРНО ДРЯНОВО,"С.ГОРНО ДРЯНОВО, ОУ""ОТЕЦ ПАИСИЙ""",https://evideo.bg/pe202410/01.html#11300004,,,011300004
011300005,С.ДЕБРЕН,"С.ДЕБРЕН, ОУ""КЛИМЕНТ ОХРИДСКИ""",https://evideo.bg/pe202410/01.html#11300005,,,011300005
011300006,С.ДЕБРЕН,"С.ДЕБРЕН, ЧИТАЛИЩЕ ""ОТЕЦ ПАИСИЙ""",https://evideo.bg/pe202410/01.html#11300006,,,011300006
011300007,С.ДЕБРЕН,"С.ДЕБРЕН, ОУ""КЛИМЕНТ ОХРИДСКИ""",https://evideo.bg/pe202410/01.html#11300007,,,011300007
011300008,С.ДОЛНО ДРЯНОВО,"С.ДОЛНО ДРЯНОВО, ОУ""ХРИСТО БОТЕВ""",https://evideo.bg/pe202410/01.html#11300008,,,011300008
011300009,С.ДЪБНИЦА,"С.ДЪБНИЦА, ЧИТАЛИЩЕ ""ЗОРА""",https://evideo.bg/pe202410/01.html#11300009,,,011300009
011300010,С.ДЪБНИЦА,"С.ДЪБНИЦА, ОУ ""ХРИСТО БОТЕВ""",https://evideo.bg/pe202410/01.html#11300010,,,011300010
011300011,С.КОВАЧЕВИЦА,"С.КОВАЧЕВИЦА, ЧИТАЛИЩЕ ""СВЕТЛИНА""",https://evideo.bg/pe202410/01.html#11300011,,,011300011
011300012,С.КРУШЕВО,"С.КРУШЕВО, КМЕТСТВО",https://evideo.bg/pe202410/01.html#11300012,,,011300012
011300013,С.МАРЧЕВО,"С.МАРЧЕВО, КМЕТСТВО",https://evideo.bg/pe202410/01.html#11300013,,,011300013
011300014,С.ОГНЯНОВО,"С.ОГНЯНОВО, ПЕНСИОНЕРСКИ КЛУБ",https://evideo.bg/pe202410/01.html#11300014,,,011300014
011300015,С.ОГНЯНОВО,"С.ОГНЯНОВО, ТУРИСТИЧЕСКИ ИНФОРМАЦИОНЕН ЦЕНТЪР",https://evideo.bg/pe202410/01.html#11300015,,,011300015
011300016,С.ОРЕШЕ,"С.ОРЕШЕ, БИВШЕТО УЧИЛИЩЕ",https://evideo.bg/pe202410/01.html#11300016,,,011300016
011300017,С.ОСИКОВО,"С.ОСИКОВО, ЧИТАЛИЩЕТО",https://evideo.bg/pe202410/01.html#11300017,,,011300017
011300018,С.РИБНОВО,"С.РИБНОВО, КМЕТСТВОТО",https://evideo.bg/pe202410/01.html#11300018,,,011300018
011300019,С.РИБНОВО,"С.РИБНОВО, СУ""ЙОРДАН ЙОВКОВ""",https://evideo.bg/pe202410/01.html#11300019,,,011300019
011300020,С.РИБНОВО,"С.РИБНОВО, ЧИТАЛИЩЕ ""ИЗГРЕВ""",https://evideo.bg/pe202410/01.html#11300020,,,011300020
011300021,С.СКРЕБАТНО,"С.СКРЕБАТНО, ЧИТАЛИЩЕ ""ХРИСТО БОТЕВ""",https://evideo.bg/pe202410/01.html#11300021,,,011300021
011300022,С.ХВОСТЯНЕ,"С.ХВОСТЯНЕ, ОУ ""ДИМИТЪР ТАЛЕВ""",https://evideo.bg/pe202410/01.html#11300022,,,011300022
012800001,ГР.КРЕСНА,"ГР.КРЕСНА, ОБЩИНСКА АДМ. ЗАЛА""5-ТИ ОКТОМВРИ"", УЛ.""МАКЕДОНИЯ"" №96",https://evideo.bg/pe202410/01.html#12800001,,,012800001
012800002,ГР.КРЕСНА,"ГР.КРЕСНА, НАРОДНО ЧИТАЛИЩЕ ""КУЛТУРА 1932"" /ПАРТЕР/",https://evideo.bg/pe202410/01.html#12800002,,,012800002
012800003,ГР.КРЕСНА,"ГР.КРЕСНА, СУ""СВ. ПАИСИЙ ХИЛЕНДАРСКИ"", УЛ.""ЦАР БОРИС III"" №12",https://evideo.bg/pe202410/01.html#12800003,,,012800003
012800004,ГР.КРЕСНА,"ГР.КРЕСНА, СУ""СВ. ПАИСИЙ ХИЛЕНДАРСКИ"", УЛ.""ЦАР БОРИС III"" №12",https://evideo.bg/pe202410/01.html#12800004,,,012800004
012800005,ГР.КРЕСНА,"ГР.КРЕСНА, СУ""СВ. ПАИСИЙ ХИЛЕНДАРСКИ"", УЛ.""ЦАР БОРИС III"" №12",https://evideo.bg/pe202410/01.html#12800005,,,012800005
012800006,С.ГОРНА БРЕЗНИЦА,"С.ГОРНА БРЕЗНИЦА, КМЕТСТВО",https://evideo.bg/pe202410/01.html#12800006,,,012800006
012800007,С.ДОЛНА ГРАДЕШНИЦА,"С.ДОЛНА ГРАДЕШНИЦА, ДНЕВЕН ЦЕНТЪР ЗА ПЪЛНОЛЕТНИ ЛИЦА С УВРЕЖДАНИЯ",https://evideo.bg/pe202410/01.html#12800007,,,012800007
012800008,С.СЛИВНИЦА,"С.СЛИВНИЦА, КМЕТСТВО",https://evideo.bg/pe202410/01.html#12800008,,,012800008
012800009,С.ОЩАВА,"С.ОЩАВА, КМЕТСТВО",https://evideo.bg/pe202410/01.html#12800009,,,012800009
012800010,С.СТАРА КРЕСНА,"С.СТАРА КРЕСНА, КМЕТСТВО",https://evideo.bg/pe202410/01.html#12800010,,,012800010
013300001,ГР.ПЕТРИЧ,"ГР.ПЕТРИЧ, ОУ ""ГОЦЕ ДЕЛЧЕВ""",https://evideo.bg/pe202410/01.html#13300001,,,013300001
013300002,ГР.ПЕТРИЧ,"ГР.ПЕТРИЧ, ПГИТ""ПРОФ.АС.ЗЛАТАРОВ""",https://evideo.bg/pe202410/01.html#13300002,,,013300002
013300003,ГР.ПЕТРИЧ,"ГР.ПЕТРИЧ, ПГИТ""ПРОФ.АС.ЗЛАТАРОВ""",https://evideo.bg/pe202410/01.html#13300003,,,013300003
013300004,ГР.ПЕТРИЧ,"ГР.ПЕТРИЧ, СГРАДА""СОЦИАЛНО ПОДПОМАГАНЕ"", ДО КЛУБ НА ПЕНСИОНЕРА, УЛ.""СЛАВЯНСКА""№2",https://evideo.bg/pe202410/01.html#13300004,,,013300004
013300005,ГР.ПЕТРИЧ,"ГР.ПЕТРИЧ, СГРАДА""СОЦИАЛНО ПОДПОМАГАНЕ"", ДО КЛУБ НА ПЕНСИОНЕРА, УЛ.""СЛАВЯНСКА""№2",https://evideo.bg/pe202410/01.html#13300005,,,013300005
013300006,ГР.ПЕТРИЧ,"ГР.ПЕТРИЧ, ПГ ""ПЕЙО К.ЯВОРОВ""",https://evideo.bg/pe202410/01.html#13300006,,,013300006
013300007,ГР.ПЕТРИЧ,"ГР.ПЕТРИЧ, СУ ""АНТОН ПОПОВ""",https://evideo.bg/pe202410/01.html#13300007,,,013300007
013300008,ГР.ПЕТРИЧ,"ГР.ПЕТРИЧ, ПГ ""ПЕЙО К.ЯВОРОВ""",https://evideo.bg/pe202410/01.html#13300008,,,013300008
013300009,ГР.ПЕТРИЧ,"ГР.ПЕТРИЧ, ОУ ""КОЧО МАВРОДИЕВ""",https://evideo.bg/pe202410/01.html#13300009,,,013300009
013300010,ГР.ПЕТРИЧ,"ГР.ПЕТРИЧ, ОУ ""КОЧО МАВРОДИЕВ""",https://evideo.bg/pe202410/01.html#13300010,,,013300010
013300011,ГР.ПЕТРИЧ,"ГР.ПЕТРИЧ, ОУ ""КОЧО МАВРОДИЕВ""",https://evideo.bg/pe202410/01.html#13300011,,,013300011
013300012,ГР.ПЕТРИЧ,"ГР.ПЕТРИЧ, ОУ ""КОЧО МАВРОДИЕВ""",https://evideo.bg/pe202410/01.html#13300012,,,013300012
013300013,ГР.ПЕТРИЧ,"ГР.ПЕТРИЧ, СУ ""АНТОН ПОПОВ""",https://evideo.bg/pe202410/01.html#13300013,,,013300013
013300014,ГР.ПЕТРИЧ,"ГР.ПЕТРИЧ, СУ ""АНТОН ПОПОВ""",https://evideo.bg/pe202410/01.html#13300014,,,013300014
013300015,ГР.ПЕТРИЧ,"ГР.ПЕТРИЧ, СУ ""НИКОЛА ВАПЦАРОВ""",https://evideo.bg/pe202410/01.html#13300015,,,013300015
013300016,ГР.ПЕТРИЧ,"ГР.ПЕТРИЧ, СУ ""НИКОЛА ВАПЦАРОВ""",https://evideo.bg/pe202410/01.html#13300016,,,013300016
013300017,ГР.ПЕТРИЧ,"ГР.ПЕТРИЧ, СУ ""НИКОЛА ВАПЦАРОВ""",https://evideo.bg/pe202410/01.html#13300017,,,013300017
013300018,ГР.ПЕТРИЧ,"ГР.ПЕТРИЧ, ДГ НА УЛ.""СОЛУНСКА""",https://evideo.bg/pe202410/01.html#13300018,,,013300018
013300019,ГР.ПЕТРИЧ,"ГР.ПЕТРИЧ, ДГ НА УЛ.""СОЛУНСКА""",https://evideo.bg/pe202410/01.html#13300019,,,013300019
013300020,ГР.ПЕТРИЧ,"ГР.ПЕТРИЧ, КОНФЕРЕНТНА ЗАЛА-МБАЛ ""ЮГОЗАПАДНА""",https://evideo.bg/pe202410/01.html#13300020,,,013300020
013300021,ГР.ПЕТРИЧ,"ГР.ПЕТРИЧ, ПГМЕТ ""ЮРИЙ ГАГАРИН""",https://evideo.bg/pe202410/01.html#13300021,,,013300021
013300022,ГР.ПЕТРИЧ,"ГР.ПЕТРИЧ, ПГМЕТ ""ЮРИЙ ГАГАРИН""",https://evideo.bg/pe202410/01.html#13300022,,,013300022
013300023,ГР.ПЕТРИЧ,"ГР.ПЕТРИЧ, ОУ ""ХРИСТО СМИРНЕНСКИ""",https://evideo.bg/pe202410/01.html#13300023,,,013300023
013300024,ГР.ПЕТРИЧ,"ГР.ПЕТРИЧ, ОУ ""ХРИСТО СМИРНЕНСКИ""",https://evideo.bg/pe202410/01.html#13300024,,,013300024
013300025,ГР.ПЕТРИЧ,"ГР.ПЕТРИЧ, КЛУБ НА ПЕНСИОНЕРА В КВ. ""ПОЛЯНИТЕ""",https://evideo.bg/pe202410/01.html#13300025,,,013300025
013300026,ГР.ПЕТРИЧ,"ГР.ПЕТРИЧ, ОУ ""ГОЦЕ ДЕЛЧЕВ""",https://evideo.bg/pe202410/01.html#13300026,,,013300026
013300027,ГР.ПЕТРИЧ,"ГР.ПЕТРИЧ, ДГ УЛ.""ЦАР СИМЕОН""",https://evideo.bg/pe202410/01.html#13300027,,,013300027
013300028,ГР.ПЕТРИЧ,"ГР.ПЕТРИЧ, ДГ УЛ.""ЦАР СИМЕОН""",https://evideo.bg/pe202410/01.html#13300028,,,013300028
013300029,ГР.ПЕТРИЧ,"ГР.ПЕТРИЧ, ДГ УЛ.""ЦАР СИМЕОН""",https://evideo.bg/pe202410/01.html#13300029,,,013300029
013300030,ГР.ПЕТРИЧ,"ГР.ПЕТРИЧ, СУ ""АНТОН ПОПОВ""",https://evideo.bg/pe202410/01.html#13300030,,,013300030
013300031,ГР.ПЕТРИЧ,"ГР.ПЕТРИЧ, СУ ""АНТОН ПОПОВ""",https://evideo.bg/pe202410/01.html#13300031,,,013300031
013300032,ГР.ПЕТРИЧ,"ГР.ПЕТРИЧ, СУ ""НИКОЛА ВАПЦАРОВ""",https://evideo.bg/pe202410/01.html#13300032,,,013300032
013300033,ГР.ПЕТРИЧ,"ГР.ПЕТРИЧ, СУ ""НИКОЛА ВАПЦАРОВ""",https://evideo.bg/pe202410/01.html#13300033,,,013300033
013300034,ГР.ПЕТРИЧ,"ГР.ПЕТРИЧ, КЛУБ НА ПЕНСИОНЕРА В Ж.К. ЦАР САМУИЛ",https://evideo.bg/pe202410/01.html#13300034,,,013300034
013300035,ГР.ПЕТРИЧ,"ГР.ПЕТРИЧ, СБА",https://evideo.bg/pe202410/01.html#13300035,,,013300035
013300036,ГР.ПЕТРИЧ,"ГР.ПЕТРИЧ, СБА",https://evideo.bg/pe202410/01.html#13300036,,,013300036
013300037,С.ДРАНГОВО,"С.ДРАНГОВО, ДЕТСКАТА ГРАДИНА",https://evideo.bg/pe202410/01.html#13300037,,,013300037
013300038,С.ТОПОЛНИЦА,"С.ТОПОЛНИЦА, ПЕНСИОНЕРСКИ КЛУБ",https://evideo.bg/pe202410/01.html#13300038,,,013300038
013300039,С.МИТИНО,"С.МИТИНО, КМЕТСТВОТО",https://evideo.bg/pe202410/01.html#13300039,,,013300039
013300040,С.РЪЖДАК,"С.РЪЖДАК, КМЕТСТВОТО",https://evideo.bg/pe202410/01.html#13300040,,,013300040
013300041,С.МАРИКОСТИНОВО,"С.МАРИКОСТИНОВО, КЛУБ НА ПЕНСИОНЕРА",https://evideo.bg/pe202410/01.html#13300041,,,013300041
013300042,С.МАРИКОСТИНОВО,"С.МАРИКОСТИНОВО, КЛУБ НА ПЕНСИОНЕРА",https://evideo.bg/pe202410/01.html#13300042,,,013300042
013300043,С.КРОМИДОВО,"С.КРОМИДОВО, КМЕТСТВОТО",https://evideo.bg/pe202410/01.html#13300043,,,013300043
013300044,С.КАПАТОВО,"С.КАПАТОВО, КМЕТСТВОТО",https://evideo.bg/pe202410/01.html#13300044,,,013300044
013300045,С.НОВО КОНОМЛАДИ,"С.НОВО КОНОМЛАДИ, КЛУБ НА ПЕНСИОНЕРА",https://evideo.bg/pe202410/01.html#13300045,,,013300045
013300046,С.ГЕНЕРАЛ ТОДОРОВ,"С.ГЕНЕРАЛ ТОДОРОВ, ЧИТАЛИЩЕТО",https://evideo.bg/pe202410/01.html#13300046,,,013300046
013300047,С.КУЛАТА,"С.КУЛАТА, КМЕТСТВОТО-РИТУАЛНА ЗАЛА",https://evideo.bg/pe202410/01.html#13300047,,,013300047
013300048,С.ДОЛНО СПАНЧЕВО,"С.ДОЛНО СПАНЧЕВО, КМЕТСТВОТО",https://evideo.bg/pe202410/01.html#13300048,,,013300048
013300049,С.МАРИНО ПОЛЕ,"С.МАРИНО ПОЛЕ, ЧИТАЛИЩЕТО",https://evideo.bg/pe202410/01.html#13300049,,,013300049
013300050,С.ЧУЧУЛИГОВО,"С.ЧУЧУЛИГОВО, КМЕТСТВОТО",https://evideo.bg/pe202410/01.html#13300050,,,013300050
013300051,С.КЪРНАЛОВО,"С.КЪРНАЛОВО, ОУ ""БРАТЯ МИЛАДИНОВИ""",https://evideo.bg/pe202410/01.html#13300051,,,013300051
013300052,С.КЪРНАЛОВО,"С.КЪРНАЛОВО, ОУ ""БРАТЯ МИЛАДИНОВИ""",https://evideo.bg/pe202410/01.html#13300052,,,013300052
013300053,С.РУПИТЕ,"С.РУПИТЕ, ОУ ""СВ.СВ. КИРИЛ И МЕТОДИ""",https://evideo.bg/pe202410/01.html#13300053,,,013300053
013300054,С.РУПИТЕ,"С.РУПИТЕ, ОУ ""СВ.СВ. КИРИЛ И МЕТОДИ""",https://evideo.bg/pe202410/01.html#13300054,,,013300054
013300055,С.СТАРЧЕВО,"С.СТАРЧЕВО, КЛУБ НА ПЕНСИОНЕРА",https://evideo.bg/pe202410/01.html#13300055,,,013300055
013300056,С.МИХНЕВО,"С.МИХНЕВО, КМЕТСТВОТО",https://evideo.bg/pe202410/01.html#13300056,,,013300056
013300057,С.РИБНИК,"С.РИБНИК, ЧИТАЛИЩЕТО",https://evideo.bg/pe202410/01.html#13300057,,,013300057
013300058,С.ПЪРВОМАЙ,"С.ПЪРВОМАЙ, СУ ""СВ. ПАИСИЙ ХИЛЕНДАРСКИ""",https://evideo.bg/pe202410/01.html#13300058,,,013300058
013300059,С.ПЪРВОМАЙ,"С.ПЪРВОМАЙ, СУ ""СВ. ПАИСИЙ ХИЛЕНДАРСКИ""",https://evideo.bg/pe202410/01.html#13300059,,,013300059
013300060,С.ПЪРВОМАЙ,"С.ПЪРВОМАЙ, СУ ""СВ. ПАИСИЙ ХИЛЕНДАРСКИ""",https://evideo.bg/pe202410/01.html#13300060,,,013300060
013300061,С.ПЪРВОМАЙ,"С.ПЪРВОМАЙ, СУ ""СВ. ПАИСИЙ ХИЛЕНДАРСКИ""",https://evideo.bg/pe202410/01.html#13300061,,,013300061
013300062,С.ПЪРВОМАЙ,"С.ПЪРВОМАЙ, СУ ""СВ. ПАИСИЙ ХИЛЕНДАРСКИ""",https://evideo.bg/pe202410/01.html#13300062,,,013300062
013300063,С.КАВРАКИРОВО,"С.КАВРАКИРОВО, ОУ ""СВ.СВ. КИРИЛ И МЕТОДИ""",https://evideo.bg/pe202410/01.html#13300063,,,013300063
013300064,С.КАВРАКИРОВО,"С.КАВРАКИРОВО, ОУ ""СВ.СВ. КИРИЛ И МЕТОДИ""",https://evideo.bg/pe202410/01.html#13300064,,,013300064
013300065,С.ДОЛНА РИБНИЦА,"С.ДОЛНА РИБНИЦА, УЧИЛИЩЕТО",https://evideo.bg/pe202410/01.html#13300065,,,013300065
013300066,С.ЧУРИЧЕНИ,"С.ЧУРИЧЕНИ, КМЕТСТВОТО",https://evideo.bg/pe202410/01.html#13300066,,,013300066
013300067,С.МЕНДОВО,"С.МЕНДОВО, ЧИТАЛИЩЕТО",https://evideo.bg/pe202410/01.html#13300067,,,013300067
013300068,С.БОРОВИЧЕНЕ,"С.БОРОВИЧЕНЕ, ЧИТАЛИЩЕТО",https://evideo.bg/pe202410/01.html#13300068,,,013300068
013300069,С.ДОЛНА КРУШИЦА,"С.ДОЛНА КРУШИЦА, КМЕТСТВОТО",https://evideo.bg/pe202410/01.html#13300069,,,013300069
013300070,С.ГЕГА,"С.ГЕГА, КМЕТСТВОТО",https://evideo.bg/pe202410/01.html#13300070,,,013300070
013300071,С.КУКУРАХЦЕВО,"С.КУКУРАХЦЕВО, КМЕТСТВОТО С. КУКУРАХЦЕВО",https://evideo.bg/pe202410/01.html#13300071,,,013300071
013300072,С.СТРУМЕШНИЦА,"С.СТРУМЕШНИЦА, КМЕТСТВОТО I-ВИ ЕТАЖ",https://evideo.bg/pe202410/01.html#13300072,,,013300072
013300073,С.ЗОЙЧЕНЕ,"С.ЗОЙЧЕНЕ, МАГАЗИН НА РПК - С. ЗОЙЧЕНЕ",https://evideo.bg/pe202410/01.html#13300073,,,013300073
013300074,С.ВИШЛЕНЕ,"С.ВИШЛЕНЕ, КМЕТСТВОТО С. ВИШЛЕНЕ",https://evideo.bg/pe202410/01.html#13300074,,,013300074
013300075,С.ПРАВО БЪРДО,"С.ПРАВО БЪРДО, КЛУБЧЕТО",https://evideo.bg/pe202410/01.html#13300075,,,013300075
013300076,С.ДРЕНОВО,"С.ДРЕНОВО, КМЕТСТВОТО, С.ДРЕНОВО",https://evideo.bg/pe202410/01.html#13300076,,,013300076
013300077,С.БЕЛАСИЦА,"С.БЕЛАСИЦА, ОУ ""ХРИСТО БОТЕВ""",https://evideo.bg/pe202410/01.html#13300077,,,013300077
013300078,С.БЕЛАСИЦА,"С.БЕЛАСИЦА, ОУ ""ХРИСТО БОТЕВ""",https://evideo.bg/pe202410/01.html#13300078,,,013300078
013300079,С.КОЛАРОВО,"С.КОЛАРОВО, СУ ""ВАСИЛ ЛЕВСКИ""",https://evideo.bg/pe202410/01.html#13300079,,,013300079
013300080,С.КОЛАРОВО,"С.КОЛАРОВО, СУ ""ВАСИЛ ЛЕВСКИ""",https://evideo.bg/pe202410/01.html#13300080,,,013300080
013300081,С.КОЛАРОВО,"С.КОЛАРОВО, СУ ""ВАСИЛ ЛЕВСКИ""",https://evideo.bg/pe202410/01.html#13300081,,,013300081
013300082,С.САМУИЛОВО,"С.САМУИЛОВО, КМЕТСТВОТО",https://evideo.bg/pe202410/01.html#13300082,,,013300082
013300083,С.КАМЕНА,"С.КАМЕНА, КМЕТСТВОТО",https://evideo.bg/pe202410/01.html#13300083,,,013300083
013300084,С.ЯВОРНИЦА,"С.ЯВОРНИЦА, ЧИТАЛИЩЕТО",https://evideo.bg/pe202410/01.html#13300084,,,013300084
013300085,С.КЛЮЧ,"С.КЛЮЧ, ЧИТАЛИЩЕТО",https://evideo.bg/pe202410/01.html#13300085,,,013300085
013300086,С.СКРЪТ,"С.СКРЪТ, ОУ ""П.К. ЯВОРОВ""",https://evideo.bg/pe202410/01.html#13300086,,,013300086
013300087,С.СКРЪТ,"С.СКРЪТ, ОУ ""П.К. ЯВОРОВ""",https://evideo.bg/pe202410/01.html#13300087,,,013300087
013300088,С.ГАБРЕНЕ,"С.ГАБРЕНЕ, КЛУБ НА ПЕНСИОНЕРА",https://evideo.bg/pe202410/01.html#13300088,,,013300088
013700001,ГР.РАЗЛОГ,"ГР.РАЗЛОГ, ЧИТАЛИЩЕ""15.09.1903Г."", УЛ.""ШЕЙНОВО"" №2",https://evideo.bg/pe202410/01.html#13700001,,,013700001
013700002,ГР.РАЗЛОГ,"ГР.РАЗЛОГ, ЧИТАЛИЩЕ""15.09.1903Г."", УЛ.""ШЕЙНОВО"" №2",https://evideo.bg/pe202410/01.html#13700002,,,013700002
013700003,ГР.РАЗЛОГ,"ГР.РАЗЛОГ, ТП ""ГДС - РАЗЛОГ"", УЛ.""ЕКЗАРХ ЙОСИФ"" №4",https://evideo.bg/pe202410/01.html#13700003,,,013700003
013700004,ГР.РАЗЛОГ,"ГР.РАЗЛОГ, СУ ""БР.ПЕТЪР И ИВАН КАНАЗИРЕВИ"", УЛ.""ЛЮБЕН КАРАВЕЛОВ"" №12",https://evideo.bg/pe202410/01.html#13700004,,,013700004
013700005,ГР.РАЗЛОГ,"ГР.РАЗЛОГ, КЛУБ НА ПЕНСИОНЕРА, УЛ.""ЕКЗАРХ ЙОСИФ"" №56",https://evideo.bg/pe202410/01.html#13700005,,,013700005
013700006,ГР.РАЗЛОГ,"ГР.РАЗЛОГ, ОСН.У-ЩЕ""НИКОЛА ПАРАПУНОВ"", УЛ.""КРАПА"" №10",https://evideo.bg/pe202410/01.html#13700006,,,013700006
013700007,ГР.РАЗЛОГ,"ГР.РАЗЛОГ, ДНЕВЕН ЦЕНТЪР ЗА СТАРИ ХОРА, УЛ.""ПОП БОГОМИЛ"" №2",https://evideo.bg/pe202410/01.html#13700007,,,013700007
013700008,ГР.РАЗЛОГ,"ГР.РАЗЛОГ, ПГ ПО ТУРИЗЪМ И ХРАНИТЕЛНИ ТЕХНОЛОГИИ""НИКОЛА СТОЙЧЕВ"",УЛ.""КАЛИНОВО"" №1",https://evideo.bg/pe202410/01.html#13700008,,,013700008
013700009,ГР.РАЗЛОГ,"ГР.РАЗЛОГ, ДГ ""Д-Р ЕЛИЗА АСТИНОВА-ГР. РАЗЛОГ"", УЛ.""ЯНЕ САНДАНСКИ"" №15",https://evideo.bg/pe202410/01.html#13700009,,,013700009
013700010,ГР.РАЗЛОГ,"ГР.РАЗЛОГ, ДГ""ЗДРАВЕЦ"", УЛ.""ИВАН ДАСКАЛА"" №5",https://evideo.bg/pe202410/01.html#13700010,,,013700010
013700011,ГР.РАЗЛОГ,"ГР.РАЗЛОГ, НУ""ЯНЕ САНДАНСКИ"", УЛ.""ЯНЕ САНДАНСКИ"" №17",https://evideo.bg/pe202410/01.html#13700011,,,013700011
013700012,ГР.РАЗЛОГ,"ГР.РАЗЛОГ, НУ""ЯНЕ САНДАНСКИ"", УЛ.""ЯНЕ САНДАНСКИ"" №17",https://evideo.bg/pe202410/01.html#13700012,,,013700012
013700013,ГР.РАЗЛОГ,"ГР.РАЗЛОГ, НУ""СВ.СВ.КИРИЛ И МЕТОДИЙ"", УЛ.""ЕКЗАРХ ЙОСИФ"" №2",https://evideo.bg/pe202410/01.html#13700013,,,013700013
013700014,ГР.РАЗЛОГ,"ГР.РАЗЛОГ, КЛУБ НА ПЕНСИОНЕРА,УЛ.""ХРИСТО БОТЕВ"" №10",https://evideo.bg/pe202410/01.html#13700014,,,013700014
013700015,ГР.РАЗЛОГ,"ГР.РАЗЛОГ, КВАРТАЛНИЯ КЛУБ УЛ.""ТРЕТИ МАРТ""",https://evideo.bg/pe202410/01.html#13700015,,,013700015
013700016,ГР.РАЗЛОГ,"ГР.РАЗЛОГ, КВАРТАЛНИЯ КЛУБ УЛ.""ТРЕТИ МАРТ""",https://evideo.bg/pe202410/01.html#13700016,,,013700016
013700017,С.БАЧЕВО,"С.БАЧЕВО, КМЕТСТВО",https://evideo.bg/pe202410/01.html#13700017,,,013700017
013700018,С.БАЧЕВО,"С.БАЧЕВО, ОСН.У-ЩЕ""СВ.СВ.КИРИЛ И МЕТОДИЙ""",https://evideo.bg/pe202410/01.html#13700018,,,013700018
013700019,С.ГОДЛЕВО,"С.ГОДЛЕВО, КМЕТСТВО",https://evideo.bg/pe202410/01.html#13700019,,,013700019
013700020,С.БАНЯ,"С.БАНЯ, ОСН.У-ЩЕ""СВ. ПАИСИЙ ХИЛЕНДАРСКИ""",https://evideo.bg/pe202410/01.html#13700020,,,013700020
013700021,С.БАНЯ,"С.БАНЯ, ОСН.У-ЩЕ""СВ. ПАИСИЙ ХИЛЕНДАРСКИ""",https://evideo.bg/pe202410/01.html#13700021,,,013700021
013700022,С.БАНЯ,"С.БАНЯ, ЧИТАЛИЩЕ""ПРОСВЕТА""",https://evideo.bg/pe202410/01.html#13700022,,,013700022
013700023,С.ДОЛНО ДРАГЛИЩЕ,"С.ДОЛНО ДРАГЛИЩЕ, КМЕТСТВО",https://evideo.bg/pe202410/01.html#13700023,,,013700023
013700024,С.ГОРНО ДРАГЛИЩЕ,"С.ГОРНО ДРАГЛИЩЕ, КЛУБ НА ПЕНСИОНЕРА",https://evideo.bg/pe202410/01.html#13700024,,,013700024
013700025,С.ДОБЪРСКО,"С.ДОБЪРСКО, КЛУБ НА ПЕНСИОНЕРА",https://evideo.bg/pe202410/01.html#13700025,,,013700025
013700026,С.ЕЛЕШНИЦА,"С.ЕЛЕШНИЦА, ОСН.У-ЩЕ""БРАТЯ МИЛАДИНОВИ""",https://evideo.bg/pe202410/01.html#13700026,,,013700026
013700027,С.ЕЛЕШНИЦА,"С.ЕЛЕШНИЦА, ОСН.У-ЩЕ""БРАТЯ МИЛАДИНОВИ""",https://evideo.bg/pe202410/01.html#13700027,,,013700027
014000001,ГР.САНДАНСКИ,"ГР.САНДАНСКИ, Ж.К. ""СПАРТАК"" №63, ДГ ""ЗДРАВЕЦ"", БАЗА ""СПАРТАК""",https://evideo.bg/pe202410/01.html#14000001,,,014000001
014000002,ГР.САНДАНСКИ,"ГР.САНДАНСКИ, ЖК""СПАРТАК"", СЛАДКАРНИЦА""ЕДЕЛВАЙС""",https://evideo.bg/pe202410/01.html#14000002,,,014000002
014000003,ГР.САНДАНСКИ,"ГР.САНДАНСКИ, ЖК""СПАРТАК"", СЛАДКАРНИЦА""ЕДЕЛВАЙС""",https://evideo.bg/pe202410/01.html#14000003,,,014000003
014000004,ГР.САНДАНСКИ,"ГР.САНДАНСКИ, ПГ ""ЯНЕ САНДАНСКИ"", БУЛ.""СВОБОДА"" №14",https://evideo.bg/pe202410/01.html#14000004,,,014000004
014000005,ГР.САНДАНСКИ,"ГР.САНДАНСКИ, БУЛ.""СВОБОДА"" №20, БИВШ ""СТРОЙРАЙОН""",https://evideo.bg/pe202410/01.html#14000005,,,014000005
014000006,ГР.САНДАНСКИ,"ГР.САНДАНСКИ, ПГ ""ЯНЕ САНДАНСКИ"", БУЛ.""СВОБОДА"" №14",https://evideo.bg/pe202410/01.html#14000006,,,014000006
014000007,ГР.САНДАНСКИ,"ГР.САНДАНСКИ, ПГ ""ЯНЕ САНДАНСКИ"", БУЛ.""СВОБОДА"" №14",https://evideo.bg/pe202410/01.html#14000007,,,014000007
014000008,ГР.САНДАНСКИ,"ГР.САНДАНСКИ, ПГ ""ЯНЕ САНДАНСКИ"", БУЛ.""СВОБОДА"" №14",https://evideo.bg/pe202410/01.html#14000008,,,014000008
014000009,ГР.САНДАНСКИ,"ГР.САНДАНСКИ, ЗПГ ""КЛИМЕНТ ТИМИРЯЗЕВ"", УЛ.""ГЕОРГИ КАЗЕПОВ"" №1",https://evideo.bg/pe202410/01.html#14000009,,,014000009
014000010,ГР.САНДАНСКИ,"ГР.САНДАНСКИ, ЗПГ ""КЛИМЕНТ ТИМИРЯЗЕВ"", УЛ.""ГЕОРГИ КАЗЕПОВ"" №1",https://evideo.bg/pe202410/01.html#14000010,,,014000010
014000011,ГР.САНДАНСКИ,"ГР.САНДАНСКИ, I ОУ ""СВ. КЛИМЕНТ ОХРИДСКИ"", УЛ.""ОТЕЦ ПАИСИЙ"" №2",https://evideo.bg/pe202410/01.html#14000011,,,014000011
014000012,ГР.САНДАНСКИ,"ГР.САНДАНСКИ, ДОМ НА КУЛТУРАТА, КАМЕРНА ЗАЛА, ПЛ.""БЪЛГАРИЯ"" №1, ЕТ.2",https://evideo.bg/pe202410/01.html#14000012,,,014000012
014000013,ГР.САНДАНСКИ,"ГР.САНДАНСКИ, I ОУ ""СВ. КЛИМЕНТ ОХРИДСКИ"", УЛ.""ОТЕЦ ПАИСИЙ"" №2",https://evideo.bg/pe202410/01.html#14000013,,,014000013
014000014,ГР.САНДАНСКИ,"ГР.САНДАНСКИ, I ОУ ""СВ. КЛИМЕНТ ОХРИДСКИ"", УЛ.""ОТЕЦ ПАИСИЙ"" №2",https://evideo.bg/pe202410/01.html#14000014,,,014000014
014000015,ГР.САНДАНСКИ,"ГР.САНДАНСКИ, СПОРТНО УЧИЛИЩЕ ""ПЕЙО ЯВОРОВ"", УЛ.""НАДЕЖДА"" №15",https://evideo.bg/pe202410/01.html#14000015,,,014000015
014000016,ГР.САНДАНСКИ,"ГР.САНДАНСКИ, СПОРТНО УЧИЛИЩЕ ""ПЕЙО ЯВОРОВ"", УЛ.""НАДЕЖДА"" №15",https://evideo.bg/pe202410/01.html#14000016,,,014000016
014000017,ГР.САНДАНСКИ,"ГР.САНДАНСКИ, УЛ.""СВ. СВ. КОЗМА И ДАМЯН"" №19",https://evideo.bg/pe202410/01.html#14000017,,,014000017
014000018,ГР.САНДАНСКИ,"ГР.САНДАНСКИ, РИТУАЛНА ЗАЛА, УЛ.""МАКЕДОНИЯ"" №53",https://evideo.bg/pe202410/01.html#14000018,,,014000018
014000019,ГР.САНДАНСКИ,"ГР.САНДАНСКИ, ГР.САНДАНСКИ, ПАЗАРА, МОДУЛ №3",https://evideo.bg/pe202410/01.html#14000019,,,014000019
014000020,ГР.САНДАНСКИ,"ГР.САНДАНСКИ, III ОСНОВНО У-ЩЕ""ХР.БОТЕВ"", УЛ.""МАЛАШЕВСКА"" №4",https://evideo.bg/pe202410/01.html#14000020,,,014000020
014000021,ГР.САНДАНСКИ,"ГР.САНДАНСКИ, III ОСНОВНО У-ЩЕ""ХР.БОТЕВ"", УЛ.""МАЛАШЕВСКА"" №4",https://evideo.bg/pe202410/01.html#14000021,,,014000021
014000022,ГР.САНДАНСКИ,"ГР.САНДАНСКИ, БИВШЕ ""НАПС-ЕАД"", УЛ.""ПЪРВИ МАЙ"" №25, КАФЕ - СЛАДКАРНИЦА",https://evideo.bg/pe202410/01.html#14000022,,,014000022
014000023,ГР.САНДАНСКИ,"ГР.САНДАНСКИ, ЧЕТВЪРТО ОСНОВНО У-ЩЕ ""СВ.СВ.КОЗМА И ДАМЯН"", УЛ.""ТОДОР КАБЛЕШКОВ"" №2",https://evideo.bg/pe202410/01.html#14000023,,,014000023
014000024,ГР.САНДАНСКИ,"ГР.САНДАНСКИ, ЧЕТВЪРТО ОСНОВНО У-ЩЕ ""СВ.СВ.КОЗМА И ДАМЯН"", УЛ.""ТОДОР КАБЛЕШКОВ"" №2",https://evideo.bg/pe202410/01.html#14000024,,,014000024
014000025,ГР.САНДАНСКИ,"ГР.САНДАНСКИ, ЧЕТВЪРТО ОСНОВНО У-ЩЕ ""СВ.СВ.КОЗМА И ДАМЯН"", УЛ.""ТОДОР КАБЛЕШКОВ"" №2",https://evideo.bg/pe202410/01.html#14000025,,,014000025
014000026,ГР.САНДАНСКИ,"ГР.САНДАНСКИ, III ОСНОВНО У-ЩЕ""ХР.БОТЕВ"", УЛ.""МАЛАШЕВСКА"" №4",https://evideo.bg/pe202410/01.html#14000026,,,014000026
014000027,ГР.САНДАНСКИ,"ГР.САНДАНСКИ, УЛ.""СЛАВЯНКА"" №1, ВХ.E",https://evideo.bg/pe202410/01.html#14000027,,,014000027
014000028,ГР.САНДАНСКИ,"ГР.САНДАНСКИ, УЛ.""ПРЕСИЯН"" №13 А",https://evideo.bg/pe202410/01.html#14000028,,,014000028
014000029,ГР.САНДАНСКИ,"ГР.САНДАНСКИ, УЛ.""ОСОГОВО"" № 5",https://evideo.bg/pe202410/01.html#14000029,,,014000029
014000030,ГР.САНДАНСКИ,"ГР.САНДАНСКИ, III ОСНОВНО У-ЩЕ""ХР.БОТЕВ"", УЛ.""МАЛАШЕВСКА"" №4",https://evideo.bg/pe202410/01.html#14000030,,,014000030
014000031,ГР.САНДАНСКИ,"ГР.САНДАНСКИ, III ОСНОВНО У-ЩЕ""ХР.БОТЕВ"", УЛ.""МАЛАШЕВСКА"" №4",https://evideo.bg/pe202410/01.html#14000031,,,014000031
014000032,С.ПЛОСКИ,"С.ПЛОСКИ, КЛУБ НА ПЕНСИОНЕРА",https://evideo.bg/pe202410/01.html#14000032,,,014000032
014000033,С.ВЪЛКОВО,"С.ВЪЛКОВО, БИВШЕ УЧИЛИЩЕ",https://evideo.bg/pe202410/01.html#14000033,,,014000033
014000034,С.СТРУМА,"С.СТРУМА, ЧИТАЛИЩЕ С.СТРУМА",https://evideo.bg/pe202410/01.html#14000034,,,014000034
014000035,С.ЛЕБНИЦА,"С.ЛЕБНИЦА, КМЕТСТВОТО",https://evideo.bg/pe202410/01.html#14000035,,,014000035
014000036,С.ЛИЛЯНОВО,"С.ЛИЛЯНОВО, КМЕТСТВО С.ЛИЛЯНОВО",https://evideo.bg/pe202410/01.html#14000036,,,014000036
014000037,С.ДЕБРЕНЕ,"С.ДЕБРЕНЕ, КМЕТСТВО С.ДЕБРЕНЕ",https://evideo.bg/pe202410/01.html#14000037,,,014000037
014000038,С.ПОЛЕНИЦА,"С.ПОЛЕНИЦА, КМЕТСТВОТО",https://evideo.bg/pe202410/01.html#14000038,,,014000038
014000039,С.ПОЛЕНИЦА,"С.ПОЛЕНИЦА, КМЕТСТВОТО",https://evideo.bg/pe202410/01.html#14000039,,,014000039
014000040,С.ДЖИГУРОВО,"С.ДЖИГУРОВО, ЧИТАЛИЩЕТО",https://evideo.bg/pe202410/01.html#14000040,,,014000040
014000041,С.ЛЕШНИЦА,"С.ЛЕШНИЦА, КМЕТСТВОТО",https://evideo.bg/pe202410/01.html#14000041,,,014000041
014000042,С.ДАМЯНИЦА,"С.ДАМЯНИЦА, ОУ ""СВ.СВ. КИРИЛ И МЕТОДИЙ""",https://evideo.bg/pe202410/01.html#14000042,,,014000042
014000043,С.ДАМЯНИЦА,"С.ДАМЯНИЦА, ОУ ""СВ.СВ. КИРИЛ И МЕТОДИЙ""",https://evideo.bg/pe202410/01.html#14000043,,,014000043
014000044,С.НОВО ДЕЛЧЕВО,"С.НОВО ДЕЛЧЕВО, ОУ ""ГОЦЕ ДЕЛЧЕВ""",https://evideo.bg/pe202410/01.html#14000044,,,014000044
014000045,С.НОВО ДЕЛЧЕВО,"С.НОВО ДЕЛЧЕВО, ОУ ""ГОЦЕ ДЕЛЧЕВ""",https://evideo.bg/pe202410/01.html#14000045,,,014000045
014000046,С.СКЛАВЕ,"С.СКЛАВЕ, ОУ ""БРАТЯ МИЛАДИНОВИ""",https://evideo.bg/pe202410/01.html#14000046,,,014000046
014000047,С.СКЛАВЕ,"С.СКЛАВЕ, ОУ ""БРАТЯ МИЛАДИНОВИ""",https://evideo.bg/pe202410/01.html#14000047,,,014000047
014000048,С.ЛАСКАРЕВО,"С.ЛАСКАРЕВО, КМЕТСТВОТО С.ЛАСКАРЕВО",https://evideo.bg/pe202410/01.html#14000048,,,014000048
014000049,С.ЛАДАРЕВО,"С.ЛАДАРЕВО, КМЕТСТВОТО С.ЛАДАРЕВО",https://evideo.bg/pe202410/01.html#14000049,,,014000049
014000050,С.СПАТОВО,"С.СПАТОВО, КМЕТСТВОТО",https://evideo.bg/pe202410/01.html#14000050,,,014000050
014000051,С.ХОТОВО,"С.ХОТОВО, ЧИТАЛИЩЕТО",https://evideo.bg/pe202410/01.html#14000051,,,014000051
014000052,С.ЛОЗЕНИЦА,"С.ЛОЗЕНИЦА, КМЕТСТВОТО",https://evideo.bg/pe202410/01.html#14000052,,,014000052
014000053,С.ЗОРНИЦА,"С.ЗОРНИЦА, КМЕТСТВОТО",https://evideo.bg/pe202410/01.html#14000053,,,014000053
014000054,С.ВИНОГРАДИ,"С.ВИНОГРАДИ, КМЕТСТВОТО",https://evideo.bg/pe202410/01.html#14000054,,,014000054
014000055,С.ХЪРСОВО,"С.ХЪРСОВО, ПЕНСИОНЕРСКИ КЛУБ",https://evideo.bg/pe202410/01.html#14000055,,,014000055
014000056,С.ЛЕВУНОВО,"С.ЛЕВУНОВО, РИТУАЛНА ЗАЛА",https://evideo.bg/pe202410/01.html#14000056,,,014000056
014000057,ГР.МЕЛНИК,"ГР.МЕЛНИК, КМЕТСТВОТО",https://evideo.bg/pe202410/01.html#14000057,,,014000057
014000058,С.КЪРЛАНОВО,"С.КЪРЛАНОВО, КМЕТСТВОТО С.КЪРЛАНОВО",https://evideo.bg/pe202410/01.html#14000058,,,014000058
014000059,С.КАТУНЦИ,"С.КАТУНЦИ, ОУ ""ХРИСТО БОТЕВ""",https://evideo.bg/pe202410/01.html#14000059,,,014000059
014000060,С.КАТУНЦИ,"С.КАТУНЦИ, ОУ ""ХРИСТО БОТЕВ""",https://evideo.bg/pe202410/01.html#14000060,,,014000060
014000061,С.ЯНОВО,"С.ЯНОВО, КМЕТСТВОТО",https://evideo.bg/pe202410/01.html#14000061,,,014000061
014000062,С.ПЕТРОВО,"С.ПЕТРОВО, ЧИТАЛИЩЕТО, С.ПЕТРОВО",https://evideo.bg/pe202410/01.html#14000062,,,014000062
014000063,С.КАЛИМАНЦИ,"С.КАЛИМАНЦИ, КМЕТСТВО С.КАЛИМАНЦИ",https://evideo.bg/pe202410/01.html#14000063,,,014000063
014000064,С.ГОРНО СПАНЧЕВО,"С.ГОРНО СПАНЧЕВО, МАГАЗИН НА РПК, С.ГОРНО СПАНЧЕВО",https://evideo.bg/pe202410/01.html#14000064,,,014000064
014000065,С.ПИРИН,"С.ПИРИН, КМЕТСТВОТО",https://evideo.bg/pe202410/01.html#14000065,,,014000065
014000066,С.ЧЕРЕШНИЦА,"С.ЧЕРЕШНИЦА, МАГАЗИН НА РПК С.ЧЕРЕШНИЦА",https://evideo.bg/pe202410/01.html#14000066,,,014000066
014000067,С.ВРАНЯ,"С.ВРАНЯ, КМЕТСТВОТО",https://evideo.bg/pe202410/01.html#14000067,,,014000067
014000068,С.НОВО ХОДЖОВО,"С.НОВО ХОДЖОВО, МАГАЗИН НА РПК",https://evideo.bg/pe202410/01.html#14000068,,,014000068
014200001,С.БОГОЛИН,"С.БОГОЛИН, ПЕНСИОНЕРСКИ КЛУБ",https://evideo.bg/pe202410/01.html#14200001,,,014200001
014200002,С.ВАКЛИНОВО,"С.ВАКЛИНОВО, БИБЛИОТЕКА, УЛ.""ПАРТИЗАНСКА""№1",https://evideo.bg/pe202410/01.html#14200002,,,014200002
014200003,С.ВАКЛИНОВО,"С.ВАКЛИНОВО, ПЕНСИОНЕРСКИ КЛУБ, УЛ.""БОР"" №1",https://evideo.bg/pe202410/01.html#14200003,,,014200003
014200004,С.ВЪЛКОСЕЛ,"С.ВЪЛКОСЕЛ, УЧИЛИЩЕ, УЛ.""ХР.БОТЕВ""№3",https://evideo.bg/pe202410/01.html#14200004,,,014200004
014200005,С.ВЪЛКОСЕЛ,"С.ВЪЛКОСЕЛ, УЧИЛИЩЕ, УЛ.""ХР.БОТЕВ""№3",https://evideo.bg/pe202410/01.html#14200005,,,014200005
014200006,С.ВЪЛКОСЕЛ,"С.ВЪЛКОСЕЛ, УЧИЛИЩЕ, УЛ.""ХР.БОТЕВ""№3",https://evideo.bg/pe202410/01.html#14200006,,,014200006
014200007,С.ГОДЕШЕВО,"С.ГОДЕШЕВО, ПОМЕЩЕНИЕ НА ПАРТЕРЕН ЕТАЖ КЪМ КМЕТСТВО, УЛ.""ГРЪНЧАРСКА""№40",https://evideo.bg/pe202410/01.html#14200007,,,014200007
014200008,С.ДОЛЕН,"С.ДОЛЕН, УЧИЛИЩЕТО",https://evideo.bg/pe202410/01.html#14200008,,,014200008
014200009,С.ЖИЖЕВО,"С.ЖИЖЕВО, УЧИЛИЩЕТО",https://evideo.bg/pe202410/01.html#14200009,,,014200009
014200010,С.КОЧАН,"С.КОЧАН, УЧИЛИЩЕ, УЛ.""СВИЛЕН РУСЕВ"" №1",https://evideo.bg/pe202410/01.html#14200010,,,014200010
014200011,С.КОЧАН,"С.КОЧАН, ЧИТАЛИЩЕ, УЛ.""ПРОЛЕТ"" №1",https://evideo.bg/pe202410/01.html#14200011,,,014200011
014200012,С.КОЧАН,"С.КОЧАН, КМЕТСТВО, УЛ.""ДИМИТЪР БЛАГОЕВ""№1",https://evideo.bg/pe202410/01.html#14200012,,,014200012
014200013,С.КРИБУЛ,"С.КРИБУЛ, ЧИТАЛИЩЕ",https://evideo.bg/pe202410/01.html#14200013,,,014200013
014200014,С.ОСИНА,"С.ОСИНА, УЧИЛИЩЕ",https://evideo.bg/pe202410/01.html#14200014,,,014200014
014200015,С.ПЛЕТЕНА,"С.ПЛЕТЕНА, ЧИТАЛИЩЕ, УЛ. ""ЗАБЪРДО"" № 1",https://evideo.bg/pe202410/01.html#14200015,,,014200015
014200016,С.ПЛЕТЕНА,"С.ПЛЕТЕНА, ЧИТАЛИЩЕ, УЛ. ""ГОРНА"" № 1",https://evideo.bg/pe202410/01.html#14200016,,,014200016
014200017,С.САТОВЧА,"С.САТОВЧА, УЧИЛИЩЕ, УЛ.""КИРИЛ И МЕТОДИ"" №14",https://evideo.bg/pe202410/01.html#14200017,,,014200017
014200018,С.САТОВЧА,"С.САТОВЧА, УЧИЛИЩЕ, УЛ.""КИРИЛ И МЕТОДИ"" №14",https://evideo.bg/pe202410/01.html#14200018,,,014200018
014200019,С.СЛАЩЕН,"С.СЛАЩЕН, УЧИЛИЩЕ, УЛ.""Г.ДЕЛЧЕВ"" №2",https://evideo.bg/pe202410/01.html#14200019,,,014200019
014200020,С.СЛАЩЕН,"С.СЛАЩЕН, УЧИЛИЩЕ, УЛ.""Г.ДЕЛЧЕВ"" №2",https://evideo.bg/pe202410/01.html#14200020,,,014200020
014200021,С.ТУХОВИЩА,"С.ТУХОВИЩА, УЧИЛИЩЕТО",https://evideo.bg/pe202410/01.html#14200021,,,014200021
014200022,С.ФЪРГОВО,"С.ФЪРГОВО, УЧИЛИЩЕТО",https://evideo.bg/pe202410/01.html#14200022,,,014200022
014400001,ГР.СИМИТЛИ,"ГР.СИМИТЛИ, ОДЗ ""РАДОСТ"" ФИЛИАЛ ""ЯН БИБИЯН"", УЛ.""Г.ДИМИТРОВ"" № 47",https://evideo.bg/pe202410/01.html#14400001,,,014400001
014400002,ГР.СИМИТЛИ,"ГР.СИМИТЛИ, ОДЗ ""РАДОСТ"" ФИЛИАЛ ""ЯН БИБИЯН"", УЛ.""Г.ДИМИТРОВ"" № 47",https://evideo.bg/pe202410/01.html#14400002,,,014400002
014400003,ГР.СИМИТЛИ,"ГР.СИМИТЛИ, УЧИЛИЩЕ ""СВ.СВ. КИРИЛ И МЕТОДИ"",УЛ.""ХР.БОТЕВ"" №38, ЦЕНТРАЛЕН ВХОД",https://evideo.bg/pe202410/01.html#14400003,,,014400003
014400004,ГР.СИМИТЛИ,"ГР.СИМИТЛИ, УЧИЛИЩЕ ""СВ.СВ. КИРИЛ И МЕТОДИ"", УЛ.""ХР.БОТЕВ"" №38, ЗАПАДЕН ВХОД",https://evideo.bg/pe202410/01.html#14400004,,,014400004
014400005,ГР.СИМИТЛИ,"ГР.СИМИТЛИ, ЧИТАЛИЩЕ ""СВ.КЛИМЕНТ ОХРИДСКИ"", УЛ.""ХР.БОТЕВ"" №34",https://evideo.bg/pe202410/01.html#14400005,,,014400005
014400006,ГР.СИМИТЛИ,"ГР.СИМИТЛИ, ПАНСИОНА НА СОУ ""СВ.СВ. КИРИЛ И МЕТОДИ"", УЛ. ""Г. ДИМИТРОВ"" № 27",https://evideo.bg/pe202410/01.html#14400006,,,014400006
014400007,ГР.СИМИТЛИ,"ГР.СИМИТЛИ, СТАДИОН, УЛ. ""ДАМЕ ГРУЕВ"" № 2",https://evideo.bg/pe202410/01.html#14400007,,,014400007
014400008,ГР.СИМИТЛИ,"ГР.СИМИТЛИ, ДНЕВЕН ЦЕНТЪР ЗА ВЪЗРАСТНИ ХОРА С УВРЕЖДАНИЯ, УЛ. ""СЕПТЕМВРИЙСКА"" № 17",https://evideo.bg/pe202410/01.html#14400008,,,014400008
014400009,ГР.СИМИТЛИ,"ГР.СИМИТЛИ, ДНЕВЕН ЦЕНТЪР ЗА ДЕЦА И МЛАДЕЖИ С УВРЕЖДАНИЯ, УЛ. ""СЛАВЯНСКА""",https://evideo.bg/pe202410/01.html#14400009,,,014400009
014400010,С.БРЕЖАНИ,"С.БРЕЖАНИ, ЧИТАЛИЩЕ",https://evideo.bg/pe202410/01.html#14400010,,,014400010
014400011,С.БРЕЖАНИ,"С.БРЕЖАНИ, КМЕТСТВОТО",https://evideo.bg/pe202410/01.html#14400011,,,014400011
014400012,С.ДОЛНО ОСЕНОВО,"С.ДОЛНО ОСЕНОВО, СГРАДАТА НА ГОРСКОТО",https://evideo.bg/pe202410/01.html#14400012,,,014400012
014400013,С.ДОЛНО ОСЕНОВО,"С.ДОЛНО ОСЕНОВО, КМЕТСТВО - I ЕТАЖ",https://evideo.bg/pe202410/01.html#14400013,,,014400013
014400014,С.ГРАДЕВО,"С.ГРАДЕВО, КМЕТСТВОТО",https://evideo.bg/pe202410/01.html#14400014,,,014400014
014400015,С.ЖЕЛЕЗНИЦА,"С.ЖЕЛЕЗНИЦА, ЧИТАЛИЩЕ",https://evideo.bg/pe202410/01.html#14400015,,,014400015
014400016,С.СУШИЦА,"С.СУШИЦА, КМЕТСТВОТО",https://evideo.bg/pe202410/01.html#14400016,,,014400016
014400017,С.КРУПНИК,"С.КРУПНИК, УЧИЛИЩЕ ""СВ.СВ. КИРИЛ И МЕТОДИЙ""",https://evideo.bg/pe202410/01.html#14400017,,,014400017
014400018,С.КРУПНИК,"С.КРУПНИК, ЧИТАЛИЩЕ",https://evideo.bg/pe202410/01.html#14400018,,,014400018
014400019,С.КРУПНИК,"С.КРУПНИК, УЛ. ""ГЕОРГИ ДИМИТРОВ"" № 2",https://evideo.bg/pe202410/01.html#14400019,,,014400019
014400020,С.МЕЧКУЛ,"С.МЕЧКУЛ, КМЕТСТВО",https://evideo.bg/pe202410/01.html#14400020,,,014400020
014400021,С.ПОЛЕНА,"С.ПОЛЕНА, КМЕТСТВО",https://evideo.bg/pe202410/01.html#14400021,,,014400021
014400022,С.ПОЛЕТО,"С.ПОЛЕТО, КМЕТСТВО",https://evideo.bg/pe202410/01.html#14400022,,,014400022
014400023,С.РАКИТНА,"С.РАКИТНА, КМЕТСТВО",https://evideo.bg/pe202410/01.html#14400023,,,014400023
014400024,С.СЕНОКОС,"С.СЕНОКОС, КМЕТСТВО",https://evideo.bg/pe202410/01.html#14400024,,,014400024
014400025,С.ЧЕРНИЧЕ,"С.ЧЕРНИЧЕ, КМЕТСТВО",https://evideo.bg/pe202410/01.html#14400025,,,014400025
014400026,С.ЧЕРНИЧЕ,"С.ЧЕРНИЧЕ, СПОРТЕН КЛУБ - КМЕТСТВО",https://evideo.bg/pe202410/01.html#14400026,,,014400026
014900001,С.СТРУМЯНИ,"С.СТРУМЯНИ, ЧИТАЛИЩЕ ""БУДИТЕЛ"" /1 ЕТАЖ/, ПЛ.""7-МИ АПРИЛ"" №2",https://evideo.bg/pe202410/01.html#14900001,,,014900001
014900002,С.СТРУМЯНИ,"С.СТРУМЯНИ, ПЕНСИОНЕРСКИ КЛУБ, УЛ.""СВ.СВ.КИРИЛ И МЕТОДИЙ"" №3",https://evideo.bg/pe202410/01.html#14900002,,,014900002
014900003,С.МИКРЕВО,"С.МИКРЕВО, ЧИТАЛИЩЕ ""БРАТЯ МИЛАДИНОВИ"" /1 ЕТАЖ/, УЛ.""БЕРОВО"" №8",https://evideo.bg/pe202410/01.html#14900003,,,014900003
014900004,С.МИКРЕВО,"С.МИКРЕВО, КМЕТСТВО, УЛ.""ФЕНИКС"" №1",https://evideo.bg/pe202410/01.html#14900004,,,014900004
014900005,С.МИКРЕВО,"С.МИКРЕВО, СОУ ""ПАИСИЙ ХИЛЕНДАРСКИ""- 1 ЕТАЖ, УЛ.""БУДИТЕЛ"" №1-ИЗТОЧЕН ВХОД",https://evideo.bg/pe202410/01.html#14900005,,,014900005
014900006,С.МИКРЕВО,"С.МИКРЕВО, СОУ ""ПАИСИЙ ХИЛЕНДАРСКИ""- 1 ЕТАЖ, УЛ.""6-ТИ СЕПТЕМВРИ""-СЕВЕРЕН ВХОД",https://evideo.bg/pe202410/01.html#14900006,,,014900006
014900007,С.ИЛИНДЕНЦИ,"С.ИЛИНДЕНЦИ, ПЕНСИОНЕРСКИ КЛУБ, УЛ.""БЕЛИЦА"" №13",https://evideo.bg/pe202410/01.html#14900007,,,014900007
014900008,С.ИЛИНДЕНЦИ,"С.ИЛИНДЕНЦИ, СГРАДА НА БИВШО ЧИТАЛИЩЕ, УЛ.""БЕЛИЦА"" №8",https://evideo.bg/pe202410/01.html#14900008,,,014900008
014900009,С.ГОРНА КРУШИЦА,"С.ГОРНА КРУШИЦА, КМЕТСТВО /1 ЕТАЖ/",https://evideo.bg/pe202410/01.html#14900009,,,014900009
014900010,С.КАМЕНИЦА,"С.КАМЕНИЦА, КМЕТСТВО /2 ЕТАЖ/",https://evideo.bg/pe202410/01.html#14900010,,,014900010
014900011,С.ДРАКАТА,"С.ДРАКАТА, КМЕТСТВО /1 ЕТАЖ/",https://evideo.bg/pe202410/01.html#14900011,,,014900011
014900012,С.ГОРЕМЕ,"С.ГОРЕМЕ, КМЕТСТВО /2 ЕТАЖ/",https://evideo.bg/pe202410/01.html#14900012,,,014900012
014900013,С.ИГРАЛИЩЕ,"С.ИГРАЛИЩЕ, КМЕТСТВО /1 ЕТАЖ/",https://evideo.bg/pe202410/01.html#14900013,,,014900013
014900014,С.НИКУДИН,"С.НИКУДИН, КМЕТСТВО /1 ЕТАЖ/",https://evideo.bg/pe202410/01.html#14900014,,,014900014
014900015,С.ЦАПАРЕВО,"С.ЦАПАРЕВО, ЧИТАЛИЩЕ /1 ЕТАЖ/",https://evideo.bg/pe202410/01.html#14900015,,,014900015
014900016,С.ДОБРИ ЛАКИ,"С.ДОБРИ ЛАКИ, УЧИЛИЩЕ /1 ЕТАЖ/",https://evideo.bg/pe202410/01.html#14900016,,,014900016
014900017,С.РАЗДОЛ,"С.РАЗДОЛ, КМЕТСТВО /1 ЕТАЖ/",https://evideo.bg/pe202410/01.html#14900017,,,014900017
015200001,ГР.ХАДЖИДИМОВО,"ГР.ХАДЖИДИМОВО, ПЕНСИОНЕРСКИ КЛУБ /1 ЕТАЖ/, УЛ. ""МЕСТА"" № 37",https://evideo.bg/pe202410/01.html#15200001,,,015200001
015200002,ГР.ХАДЖИДИМОВО,"ГР.ХАДЖИДИМОВО, ЗАСЕДАТЕЛНА ЗАЛА В ОБА /1 ЕТАЖ/, УЛ. ""ДИМО ХАДЖИДИМОВ"" № 46",https://evideo.bg/pe202410/01.html#15200002,,,015200002
015200003,ГР.ХАДЖИДИМОВО,"ГР.ХАДЖИДИМОВО, ПЕНСИОНЕРСКИ КЛУБ /1 ЕТАЖ/, УЛ. ""ПРОГРЕС"" № 10",https://evideo.bg/pe202410/01.html#15200003,,,015200003
015200004,С.БЛАТСКА,"С.БЛАТСКА, ЧИТАЛИЩЕ /1 ЕТАЖ/",https://evideo.bg/pe202410/01.html#15200004,,,015200004
015200005,С.ПЕТРЕЛИК,"С.ПЕТРЕЛИК, КМЕТСТВО",https://evideo.bg/pe202410/01.html#15200005,,,015200005
015200006,С.ТЕПЛЕН,"С.ТЕПЛЕН, КМЕТСТВО",https://evideo.bg/pe202410/01.html#15200006,,,015200006
015200007,С.БЕСЛЕН,"С.БЕСЛЕН, КМЕТСТВО",https://evideo.bg/pe202410/01.html#15200007,,,015200007
015200008,С.САДОВО,"С.САДОВО, ПЕНСИОНЕРСКИ КЛУБ",https://evideo.bg/pe202410/01.html#15200008,,,015200008
015200009,С.ГАЙТАНИНОВО,"С.ГАЙТАНИНОВО, КМЕТСТВО",https://evideo.bg/pe202410/01.html#15200009,,,015200009
015200010,С.НОВА ЛОВЧА,"С.НОВА ЛОВЧА, КМЕТСТВО В СЕЛО НОВА ЛОВЧА",https://evideo.bg/pe202410/01.html#15200010,,,015200010
015200011,С.КОПРИВЛЕН,"С.КОПРИВЛЕН, ОСНОВНО УЧИЛИЩЕ ""НИКОЛА ВАПЦАРОВ"" /1 ЕТАЖ/",https://evideo.bg/pe202410/01.html#15200011,,,015200011
015200012,С.КОПРИВЛЕН,"С.КОПРИВЛЕН, ОСНОВНО УЧИЛИЩЕ ""НИКОЛА ВАПЦАРОВ"" /1 ЕТАЖ/",https://evideo.bg/pe202410/01.html#15200012,,,015200012
015200013,С.АБЛАНИЦА,"С.АБЛАНИЦА, СУ ""ПАИСИЙ ХИЛЕНДАРСКИ"" /1 ЕТАЖ/",https://evideo.bg/pe202410/01.html#15200013,,,015200013
015200014,С.АБЛАНИЦА,"С.АБЛАНИЦА, ПЕНСИОНЕРСКИ КЛУБ",https://evideo.bg/pe202410/01.html#15200014,,,015200014
015200015,С.АБЛАНИЦА,"С.АБЛАНИЦА, ОСНОВНА СГРАДА КЪМ СУ ""ПАИСИЙ ХИЛЕНДАРСКИ"" /1 ЕТАЖ/",https://evideo.bg/pe202410/01.html#15200015,,,015200015
015200016,С.ИЛИНДЕН,"С.ИЛИНДЕН, ОБЩОСЕЛСКИ КЛУБ",https://evideo.bg/pe202410/01.html#15200016,,,015200016
015200017,С.ЛЪКИ,"С.ЛЪКИ, ПЕНСИОНЕРСКИ КЛУБ",https://evideo.bg/pe202410/01.html#15200017,,,015200017
015200018,С.ТЕШОВО,"С.ТЕШОВО, КИЛИЙНОТО УЧИЛИЩЕ",https://evideo.bg/pe202410/01.html#15200018,,,015200018
015200019,С.НОВО ЛЕСКИ,"С.НОВО ЛЕСКИ, УЧИЛИЩЕ ""ХРИСТО БОТЕВ"" /1 ЕТАЖ/",https://evideo.bg/pe202410/01.html#15200019,,,015200019
015300001,ГР.ЯКОРУДА,"ГР.ЯКОРУДА, ПРОФЕСИОНАЛНА ГИМНАЗИЯ ""П.Р.СЛАВЕЙКОВ"", УЛ.""ЦАР БОРИС ІІІ""№072",https://evideo.bg/pe202410/01.html#15300001,,,015300001
015300002,ГР.ЯКОРУДА,"ГР.ЯКОРУДА, СУ""СВ. СВ. КИРИЛ И МЕТОДИЙ"" , УЛ. ""СВ. СВ. КИРИЛ И МЕТОДИЙ"" №41",https://evideo.bg/pe202410/01.html#15300002,,,015300002
015300003,ГР.ЯКОРУДА,"ГР.ЯКОРУДА, РИТУАЛНА ЗАЛА, УЛ. ""ЦАР БОРИС III"" №122",https://evideo.bg/pe202410/01.html#15300003,,,015300003
015300004,ГР.ЯКОРУДА,"ГР.ЯКОРУДА, СПОРТНА ЗАЛА, УЛ. ""СВ. СВ. КИРИЛ И МЕТОДИЙ"" №59",https://evideo.bg/pe202410/01.html#15300004,,,015300004
015300005,ГР.ЯКОРУДА,"ГР.ЯКОРУДА, МЛАДЕЖКИ ДОМ, УЛ. ""ЦАР БОРИС III"" №148 - 154",https://evideo.bg/pe202410/01.html#15300005,,,015300005
015300006,ГР.ЯКОРУДА,"ГР.ЯКОРУДА, ЧИТАЛИЩЕ""СВЕТЛИНА"" - ГРИМЬОРНА, УЛ. ""ЦАР БОРИС III"" №111",https://evideo.bg/pe202410/01.html#15300006,,,015300006
015300007,ГР.ЯКОРУДА,"ГР.ЯКОРУДА, ЧИТАЛИЩЕ ""СВЕТЛИНА"" - МАЛЪК ЧИТАЛИЩЕН САЛОН, УЛ. ""ЦАР БОРИС III"" №111",https://evideo.bg/pe202410/01.html#15300007,,,015300007
015300008,С.АВРАМОВО,"С.АВРАМОВО, СГРАДАТА НА ДЕТСКАТА ГРАДИНА",https://evideo.bg/pe202410/01.html#15300008,,,015300008
015300009,С.БЕЛ КАМЕН,"С.БЕЛ КАМЕН, КМЕТСТВО",https://evideo.bg/pe202410/01.html#15300009,,,015300009
015300010,С.СМОЛЕВО,"С.СМОЛЕВО, КМЕТСТВО",https://evideo.bg/pe202410/01.html#15300010,,,015300010
015300011,С.КОНАРСКО,"С.КОНАРСКО, КМЕТСТВО",https://evideo.bg/pe202410/01.html#15300011,,,015300011
015300012,С.БУНЦЕВО,"С.БУНЦЕВО, КМЕТСТВО",https://evideo.bg/pe202410/01.html#15300012,,,015300012
015300013,С.ЧЕРНА МЕСТА,"С.ЧЕРНА МЕСТА, КМЕТСТВО",https://evideo.bg/pe202410/01.html#15300013,,,015300013
015300014,С.ЮРУКОВО,"С.ЮРУКОВО, КМЕТСТВО",https://evideo.bg/pe202410/01.html#15300014,,,015300014