id,town,address,video
162201001,ГР.ПЛОВДИВ,"ГР.ПЛОВДИВ, СУ СВ.ПАТРИАРХ ЕВТИМИЙ - ГОЛЯМА СГРАДА УЛ.ИВАН ВАЗОВ №19",https://evideo.bg/pe202410/16.html#162201001
162201002,ГР.ПЛОВДИВ,"ГР.ПЛОВДИВ, СУ СВ.ПАТРИАРХ ЕВТИМИЙ - ГОЛЯМА СГРАДА УЛ.ИВАН ВАЗОВ №19",https://evideo.bg/pe202410/16.html#162201002
162201003,ГР.ПЛОВДИВ,"ГР.ПЛОВДИВ, СУ СВ.ПАТРИАРХ ЕВТИМИЙ - ГОЛЯМА СГРАДА УЛ.ИВАН ВАЗОВ №19",https://evideo.bg/pe202410/16.html#162201003
162201004,ГР.ПЛОВДИВ,"ГР.ПЛОВДИВ, СУ СВ.ПАТРИАРХ ЕВТИМИЙ - МАЛКА СГРАДА УЛ.ИВАН ВАЗОВ №35",https://evideo.bg/pe202410/16.html#162201004
162201005,ГР.ПЛОВДИВ,"ГР.ПЛОВДИВ, ПР. ГИМ. ПО ВЪТРЕШНА АРХ. И ДЪРВООБРАБОТВАНЕ ХР.БОТЕВ УЛ.ГЛАДСТОН №70",https://evideo.bg/pe202410/16.html#162201005
162201006,ГР.ПЛОВДИВ,"ГР.ПЛОВДИВ, ПР. ГИМ. ПО ВЪТРЕШНА АРХ. И ДЪРВООБРАБОТВАНЕ ХР.БОТЕВ УЛ.ГЛАДСТОН №70",https://evideo.bg/pe202410/16.html#162201006
162201007,ГР.ПЛОВДИВ,"ГР.ПЛОВДИВ, СУ СВ.ПАТРИАРХ ЕВТИМИЙ - МАЛКА СГРАДА УЛ.ИВАН ВАЗОВ №35",https://evideo.bg/pe202410/16.html#162201007
162201008,ГР.ПЛОВДИВ,"ГР.ПЛОВДИВ, СУ СВ.ПАТРИАРХ ЕВТИМИЙ - МАЛКА СГРАДА УЛ.ИВАН ВАЗОВ №35",https://evideo.bg/pe202410/16.html#162201008
162201009,ГР.ПЛОВДИВ,"ГР.ПЛОВДИВ, ПР. ГИМ. ПО ВЪТРЕШНА АРХ. И ДЪРВООБРАБОТВАНЕ ХР.БОТЕВ УЛ.ГЛАДСТОН №70",https://evideo.bg/pe202410/16.html#162201009
162201010,ГР.ПЛОВДИВ,"ГР.ПЛОВДИВ, ПР. ГИМ. ПО ВЪТРЕШНА АРХ. И ДЪРВООБРАБОТВАНЕ ХР.БОТЕВ УЛ.ГЛАДСТОН №70",https://evideo.bg/pe202410/16.html#162201010
162201011,ГР.ПЛОВДИВ,"ГР.ПЛОВДИВ, ПР. ГИМ. ПО ВЪТРЕШНА АРХ. И ДЪРВООБРАБОТВАНЕ ХР.БОТЕВ УЛ.ГЛАДСТОН №70",https://evideo.bg/pe202410/16.html#162201011
162201012,ГР.ПЛОВДИВ,"ГР.ПЛОВДИВ, СУ СВ.КЛИМЕНТ ОХРИДСКИ БУЛ.ВАСИЛ АПРИЛОВ №5",https://evideo.bg/pe202410/16.html#162201012
162201013,ГР.ПЛОВДИВ,"ГР.ПЛОВДИВ, СУ СВ.КЛИМЕНТ ОХРИДСКИ БУЛ.ВАСИЛ АПРИЛОВ №5",https://evideo.bg/pe202410/16.html#162201013
162201014,ГР.ПЛОВДИВ,"ГР.ПЛОВДИВ, ПР. ГИМ. ПО ВЪТРЕШНА АРХ. И ДЪРВООБРАБОТВАНЕ ХР.БОТЕВ УЛ.ГЛАДСТОН №70",https://evideo.bg/pe202410/16.html#162201014
162201015,ГР.ПЛОВДИВ,"ГР.ПЛОВДИВ, ПР. ГИМ. ПО ВЪТРЕШНА АРХ. И ДЪРВООБРАБОТВАНЕ ХР.БОТЕВ УЛ.ГЛАДСТОН №70",https://evideo.bg/pe202410/16.html#162201015
162201016,ГР.ПЛОВДИВ,"ГР.ПЛОВДИВ, СУ СВ.КЛИМЕНТ ОХРИДСКИ БУЛ.ВАСИЛ АПРИЛОВ №5",https://evideo.bg/pe202410/16.html#162201016
162201017,ГР.ПЛОВДИВ,"ГР.ПЛОВДИВ, СУ СВ.КЛИМЕНТ ОХРИДСКИ БУЛ.ВАСИЛ АПРИЛОВ №5",https://evideo.bg/pe202410/16.html#162201017
162201018,ГР.ПЛОВДИВ,"ГР.ПЛОВДИВ, ОУ АЛЕКО КОНСТАНТИНОВ УЛ.БОЖИДАР ЗДРАВКОВ №3А",https://evideo.bg/pe202410/16.html#162201018
162201019,ГР.ПЛОВДИВ,"ГР.ПЛОВДИВ, ОУ АЛЕКО КОНСТАНТИНОВ УЛ.БОЖИДАР ЗДРАВКОВ №3А",https://evideo.bg/pe202410/16.html#162201019
162201020,ГР.ПЛОВДИВ,"ГР.ПЛОВДИВ, ОУ АЛЕКО КОНСТАНТИНОВ УЛ.БОЖИДАР ЗДРАВКОВ №3А",https://evideo.bg/pe202410/16.html#162201020
162201021,ГР.ПЛОВДИВ,"ГР.ПЛОВДИВ, ОУ АЛЕКО КОНСТАНТИНОВ УЛ.БОЖИДАР ЗДРАВКОВ №3А",https://evideo.bg/pe202410/16.html#162201021
162201022,ГР.ПЛОВДИВ,"ГР.ПЛОВДИВ, ОУ АЛЕКО КОНСТАНТИНОВ УЛ.БОЖИДАР ЗДРАВКОВ №3А",https://evideo.bg/pe202410/16.html#162201022
162201023,ГР.ПЛОВДИВ,"ГР.ПЛОВДИВ, НХГ ЦАНКО ЛАВРЕНОВ УЛ.ЯНКО САКЪЗОВ №2",https://evideo.bg/pe202410/16.html#162201023
162201024,ГР.ПЛОВДИВ,"ГР.ПЛОВДИВ, НХГ ЦАНКО ЛАВРЕНОВ УЛ.ЯНКО САКЪЗОВ №2",https://evideo.bg/pe202410/16.html#162201024
162201025,ГР.ПЛОВДИВ,"ГР.ПЛОВДИВ, НХГ ЦАНКО ЛАВРЕНОВ УЛ.ЯНКО САКЪЗОВ №2",https://evideo.bg/pe202410/16.html#162201025
162201026,ГР.ПЛОВДИВ,"ГР.ПЛОВДИВ, НХГ ЦАНКО ЛАВРЕНОВ УЛ.ЯНКО САКЪЗОВ №2",https://evideo.bg/pe202410/16.html#162201026
162201027,ГР.ПЛОВДИВ,"ГР.ПЛОВДИВ, ОУ ПЕТЪР БЕРОН УЛ.ГЕН.Д.НИКОЛАЕВ №46",https://evideo.bg/pe202410/16.html#162201027
162201028,ГР.ПЛОВДИВ,"ГР.ПЛОВДИВ, ОУ ПЕТЪР БЕРОН УЛ.ГЕН.Д.НИКОЛАЕВ №46",https://evideo.bg/pe202410/16.html#162201028
162201029,ГР.ПЛОВДИВ,"ГР.ПЛОВДИВ, ОУ ПЕТЪР БЕРОН УЛ.ГЕН.Д.НИКОЛАЕВ №46",https://evideo.bg/pe202410/16.html#162201029
162201030,ГР.ПЛОВДИВ,"ГР.ПЛОВДИВ, ОУ ПЕТЪР БЕРОН УЛ.ГЕН.Д.НИКОЛАЕВ №46",https://evideo.bg/pe202410/16.html#162201030
162201031,ГР.ПЛОВДИВ,"ГР.ПЛОВДИВ, ОУ ПЕТЪР БЕРОН УЛ.ГЕН.Д.НИКОЛАЕВ №46",https://evideo.bg/pe202410/16.html#162201031
162201032,ГР.ПЛОВДИВ,"ГР.ПЛОВДИВ, ОУ ПЕТЪР БЕРОН УЛ.ГЕН.Д.НИКОЛАЕВ №46",https://evideo.bg/pe202410/16.html#162201032
162201033,ГР.ПЛОВДИВ,"ГР.ПЛОВДИВ, ОУ ПЕТЪР БЕРОН УЛ.ГЕН.Д.НИКОЛАЕВ №46",https://evideo.bg/pe202410/16.html#162201033
162201034,ГР.ПЛОВДИВ,"ГР.ПЛОВДИВ, ОУ ПЕТЪР БЕРОН УЛ.ГЕН.Д.НИКОЛАЕВ №46",https://evideo.bg/pe202410/16.html#162201034
162201035,ГР.ПЛОВДИВ,"ГР.ПЛОВДИВ, ОУ ПЕТЪР БЕРОН УЛ.ГЕН.Д.НИКОЛАЕВ №46",https://evideo.bg/pe202410/16.html#162201035
162201036,ГР.ПЛОВДИВ,"ГР.ПЛОВДИВ, ОУ ПЕТЪР БЕРОН УЛ.ГЕН.Д.НИКОЛАЕВ №46",https://evideo.bg/pe202410/16.html#162201036
162201037,ГР.ПЛОВДИВ,"ГР.ПЛОВДИВ, ОУ КОЧО ЧЕСТИМЕНСКИ УЛ.СЕВАСТОПОЛ №28",https://evideo.bg/pe202410/16.html#162201037
162201038,ГР.ПЛОВДИВ,"ГР.ПЛОВДИВ, ОУ КОЧО ЧЕСТИМЕНСКИ УЛ.СЕВАСТОПОЛ №28",https://evideo.bg/pe202410/16.html#162201038
162201039,ГР.ПЛОВДИВ,"ГР.ПЛОВДИВ, ОУ КОЧО ЧЕСТИМЕНСКИ УЛ.СЕВАСТОПОЛ №28",https://evideo.bg/pe202410/16.html#162201039
162201040,ГР.ПЛОВДИВ,"ГР.ПЛОВДИВ, ОУ КОЧО ЧЕСТИМЕНСКИ УЛ.СЕВАСТОПОЛ №28",https://evideo.bg/pe202410/16.html#162201040
162201041,ГР.ПЛОВДИВ,"ГР.ПЛОВДИВ, ОУ КОЧО ЧЕСТИМЕНСКИ УЛ.СЕВАСТОПОЛ №28",https://evideo.bg/pe202410/16.html#162201041
162201042,ГР.ПЛОВДИВ,"ГР.ПЛОВДИВ, ОУ КОЧО ЧЕСТИМЕНСКИ УЛ.СЕВАСТОПОЛ №28",https://evideo.bg/pe202410/16.html#162201042
162201043,ГР.ПЛОВДИВ,"ГР.ПЛОВДИВ, ОУ КОЧО ЧЕСТИМЕНСКИ УЛ.СЕВАСТОПОЛ №28",https://evideo.bg/pe202410/16.html#162201043
162201044,ГР.ПЛОВДИВ,"ГР.ПЛОВДИВ, ОУ КОЧО ЧЕСТИМЕНСКИ УЛ.СЕВАСТОПОЛ №28",https://evideo.bg/pe202410/16.html#162201044
162201045,ГР.ПЛОВДИВ,"ГР.ПЛОВДИВ, СУ ЦАР СИМЕОН ВЕЛИКИ УЛ.ЛУКА КАСЪРОВ №13",https://evideo.bg/pe202410/16.html#162201045
162201046,ГР.ПЛОВДИВ,"ГР.ПЛОВДИВ, СУ ЦАР СИМЕОН ВЕЛИКИ УЛ.ЛУКА КАСЪРОВ №13",https://evideo.bg/pe202410/16.html#162201046
162201047,ГР.ПЛОВДИВ,"ГР.ПЛОВДИВ, СУ ЦАР СИМЕОН ВЕЛИКИ УЛ.ЛУКА КАСЪРОВ №13",https://evideo.bg/pe202410/16.html#162201047
162201048,ГР.ПЛОВДИВ,"ГР.ПЛОВДИВ, СУ ЦАР СИМЕОН ВЕЛИКИ УЛ.ЛУКА КАСЪРОВ №13",https://evideo.bg/pe202410/16.html#162201048
162201049,ГР.ПЛОВДИВ,"ГР.ПЛОВДИВ, СУ ЦАР СИМЕОН ВЕЛИКИ УЛ.ЛУКА КАСЪРОВ №13",https://evideo.bg/pe202410/16.html#162201049
162201050,ГР.ПЛОВДИВ,"ГР.ПЛОВДИВ, СУ ЦАР СИМЕОН ВЕЛИКИ УЛ.ЛУКА КАСЪРОВ №13",https://evideo.bg/pe202410/16.html#162201050
162201051,ГР.ПЛОВДИВ,"ГР.ПЛОВДИВ, СУ ЦАР СИМЕОН ВЕЛИКИ УЛ.ЛУКА КАСЪРОВ №13",https://evideo.bg/pe202410/16.html#162201051
162201052,ГР.ПЛОВДИВ,"ГР.ПЛОВДИВ, СУ ЦАР СИМЕОН ВЕЛИКИ УЛ.ЛУКА КАСЪРОВ №13",https://evideo.bg/pe202410/16.html#162201052
162201053,ГР.ПЛОВДИВ,"ГР.ПЛОВДИВ, ОУ ДУШО ХАДЖИДЕКОВ УЛ.АНТОН ПАПАЗОВ №18",https://evideo.bg/pe202410/16.html#162201053
162201054,ГР.ПЛОВДИВ,"ГР.ПЛОВДИВ, ОУ ДУШО ХАДЖИДЕКОВ УЛ.АНТОН ПАПАЗОВ №18",https://evideo.bg/pe202410/16.html#162201054
162201055,ГР.ПЛОВДИВ,"ГР.ПЛОВДИВ, ОУ ДУШО ХАДЖИДЕКОВ УЛ.АНТОН ПАПАЗОВ №18",https://evideo.bg/pe202410/16.html#162201055
162201056,ГР.ПЛОВДИВ,"ГР.ПЛОВДИВ, ОУ ДУШО ХАДЖИДЕКОВ УЛ.АНТОН ПАПАЗОВ №18",https://evideo.bg/pe202410/16.html#162201056
162201057,ГР.ПЛОВДИВ,"ГР.ПЛОВДИВ, ОУ ДУШО ХАДЖИДЕКОВ УЛ.АНТОН ПАПАЗОВ №18",https://evideo.bg/pe202410/16.html#162201057
162201058,ГР.ПЛОВДИВ,"ГР.ПЛОВДИВ, СУ СВ.ПАИСИЙ ХИЛЕНДАРСКИ УЛ.РОДОПИ №48",https://evideo.bg/pe202410/16.html#162201058
162201059,ГР.ПЛОВДИВ,"ГР.ПЛОВДИВ, СУ СВ.ПАИСИЙ ХИЛЕНДАРСКИ УЛ.РОДОПИ №48",https://evideo.bg/pe202410/16.html#162201059
162201060,ГР.ПЛОВДИВ,"ГР.ПЛОВДИВ, СУ СВ.ПАИСИЙ ХИЛЕНДАРСКИ УЛ.РОДОПИ №48",https://evideo.bg/pe202410/16.html#162201060
162201061,ГР.ПЛОВДИВ,"ГР.ПЛОВДИВ, СУ СВ.ПАИСИЙ ХИЛЕНДАРСКИ УЛ.РОДОПИ №48",https://evideo.bg/pe202410/16.html#162201061
162201062,ГР.ПЛОВДИВ,"ГР.ПЛОВДИВ, СУ СВ.ПАИСИЙ ХИЛЕНДАРСКИ УЛ.РОДОПИ №48",https://evideo.bg/pe202410/16.html#162201062
162201063,ГР.ПЛОВДИВ,"ГР.ПЛОВДИВ, СУ СВ.ПАИСИЙ ХИЛЕНДАРСКИ УЛ.РОДОПИ №48",https://evideo.bg/pe202410/16.html#162201063
162201064,ГР.ПЛОВДИВ,"ГР.ПЛОВДИВ, СУ СВ.ПАИСИЙ ХИЛЕНДАРСКИ УЛ.РОДОПИ №48",https://evideo.bg/pe202410/16.html#162201064
162201065,ГР.ПЛОВДИВ,"ГР.ПЛОВДИВ, СУ СВ.ПАИСИЙ ХИЛЕНДАРСКИ УЛ.РОДОПИ №48",https://evideo.bg/pe202410/16.html#162201065
162201066,ГР.ПЛОВДИВ,"ГР.ПЛОВДИВ, ОУ ""ДУШО ХАДЖИДЕКОВ"" УЛ. БОГОМИЛ №32",https://evideo.bg/pe202410/16.html#162201066
162201067,ГР.ПЛОВДИВ,"ГР.ПЛОВДИВ, СУ СВ.ПАИСИЙ ХИЛЕНДАРСКИ УЛ.РОДОПИ №48",https://evideo.bg/pe202410/16.html#162201067
162201068,ГР.ПЛОВДИВ,"ГР.ПЛОВДИВ, СУ СВ.ПАИСИЙ ХИЛЕНДАРСКИ УЛ.РОДОПИ №48",https://evideo.bg/pe202410/16.html#162201068
162201069,ГР.ПЛОВДИВ,"ГР.ПЛОВДИВ, СУ СВ.ПАИСИЙ ХИЛЕНДАРСКИ УЛ.РОДОПИ №48",https://evideo.bg/pe202410/16.html#162201069
162201070,ГР.ПЛОВДИВ,"ГР.ПЛОВДИВ, ОУ ""ДУШО ХАДЖИДЕКОВ"" УЛ. БОГОМИЛ №32",https://evideo.bg/pe202410/16.html#162201070
162201071,ГР.ПЛОВДИВ,"ГР.ПЛОВДИВ, ОУ ""ДУШО ХАДЖИДЕКОВ"" УЛ. БОГОМИЛ №32",https://evideo.bg/pe202410/16.html#162201071
162201072,ГР.ПЛОВДИВ,"ГР.ПЛОВДИВ, ОУ ""ДУШО ХАДЖИДЕКОВ"" УЛ. БОГОМИЛ №32",https://evideo.bg/pe202410/16.html#162201072
162201073,ГР.ПЛОВДИВ,"ГР.ПЛОВДИВ, ПРОФЕСИОНАЛНА ГИМНАЗИЯ ПО БИТОВА ТЕХНИКА, УЛ. ИВАН ПЕРПЕЛИЕВ №2",https://evideo.bg/pe202410/16.html#162201073
162201074,ГР.ПЛОВДИВ,"ГР.ПЛОВДИВ, ОУ ""ДУШО ХАДЖИДЕКОВ"" УЛ. БОГОМИЛ №32",https://evideo.bg/pe202410/16.html#162201074
162201075,ГР.ПЛОВДИВ,"ГР.ПЛОВДИВ, ОУ ""ДУШО ХАДЖИДЕКОВ"" УЛ. БОГОМИЛ №32",https://evideo.bg/pe202410/16.html#162201075
162201076,ГР.ПЛОВДИВ,"ГР.ПЛОВДИВ, ОУ ""ДУШО ХАДЖИДЕКОВ"" УЛ. БОГОМИЛ №32",https://evideo.bg/pe202410/16.html#162201076
162201077,ГР.ПЛОВДИВ,"ГР.ПЛОВДИВ, ОУ ""ДУШО ХАДЖИДЕКОВ"" УЛ. БОГОМИЛ №32",https://evideo.bg/pe202410/16.html#162201077
162201078,ГР.ПЛОВДИВ,"ГР.ПЛОВДИВ, ОУ ""ДУШО ХАДЖИДЕКОВ"" УЛ. БОГОМИЛ №32",https://evideo.bg/pe202410/16.html#162201078
162201079,ГР.ПЛОВДИВ,"ГР.ПЛОВДИВ, ДГ МАЛКИЯТ ПРИНЦ УЛ.ЛЕОНАРДО ДА ВИНЧИ №47",https://evideo.bg/pe202410/16.html#162201079
162201080,ГР.ПЛОВДИВ,"ГР.ПЛОВДИВ, ПРОФЕСИОНАЛНА ГИМНАЗИЯ ПО БИТОВА ТЕХНИКА, УЛ. ИВАН ПЕРПЕЛИЕВ №2",https://evideo.bg/pe202410/16.html#162201080
162201081,ГР.ПЛОВДИВ,"ГР.ПЛОВДИВ, ПРОФЕСИОНАЛНА ГИМНАЗИЯ ПО БИТОВА ТЕХНИКА, УЛ. ИВАН ПЕРПЕЛИЕВ №2",https://evideo.bg/pe202410/16.html#162201081
162201082,ГР.ПЛОВДИВ,"ГР.ПЛОВДИВ, ПРОФЕСИОНАЛНА ГИМНАЗИЯ ПО БИТОВА ТЕХНИКА, УЛ. ИВАН ПЕРПЕЛИЕВ №2",https://evideo.bg/pe202410/16.html#162201082
162201083,ГР.ПЛОВДИВ,"ГР.ПЛОВДИВ, СУ Л.КАРАВЕЛОВ - СГРАДА 2 УЛ.МАРА ГИДИК №37",https://evideo.bg/pe202410/16.html#162201083
162201084,ГР.ПЛОВДИВ,"ГР.ПЛОВДИВ, СУ Л.КАРАВЕЛОВ - СГРАДА 2 УЛ.МАРА ГИДИК №37",https://evideo.bg/pe202410/16.html#162201084
162201085,ГР.ПЛОВДИВ,"ГР.ПЛОВДИВ, СУ Л.КАРАВЕЛОВ - СГРАДА 2 УЛ.МАРА ГИДИК №37",https://evideo.bg/pe202410/16.html#162201085
162201086,ГР.ПЛОВДИВ,"ГР.ПЛОВДИВ, СУ Л.КАРАВЕЛОВ - СГРАДА 2 УЛ.МАРА ГИДИК №37",https://evideo.bg/pe202410/16.html#162201086
162201087,ГР.ПЛОВДИВ,"ГР.ПЛОВДИВ, СУ Л.КАРАВЕЛОВ - СГРАДА 2 УЛ.МАРА ГИДИК №37",https://evideo.bg/pe202410/16.html#162201087
162201088,ГР.ПЛОВДИВ,"ГР.ПЛОВДИВ, СУ Л.КАРАВЕЛОВ - СГРАДА 2 УЛ.МАРА ГИДИК №37",https://evideo.bg/pe202410/16.html#162201088
162201089,ГР.ПЛОВДИВ,"ГР.ПЛОВДИВ, СУ Л.КАРАВЕЛОВ - СГРАДА 2 УЛ.МАРА ГИДИК №37",https://evideo.bg/pe202410/16.html#162201089
162201090,ГР.ПЛОВДИВ,"ГР.ПЛОВДИВ, СУ ЛЮБЕН КАРАВЕЛОВ СГРАДА 1, УЛ.БРАНИСЛАВ ВЕЛЕШКИ №2",https://evideo.bg/pe202410/16.html#162201090
162201091,ГР.ПЛОВДИВ,"ГР.ПЛОВДИВ, СУ ЛЮБЕН КАРАВЕЛОВ СГРАДА 1, УЛ.БРАНИСЛАВ ВЕЛЕШКИ №2",https://evideo.bg/pe202410/16.html#162201091
162201092,ГР.ПЛОВДИВ,"ГР.ПЛОВДИВ, СУ КНЯЗ АЛЕКСАНДЪР I УЛ. ХАН КУБРАТ № 15",https://evideo.bg/pe202410/16.html#162201092
162201093,ГР.ПЛОВДИВ,"ГР.ПЛОВДИВ, СУ ЛЮБЕН КАРАВЕЛОВ СГРАДА 1, УЛ.БРАНИСЛАВ ВЕЛЕШКИ №2",https://evideo.bg/pe202410/16.html#162201093
162201094,ГР.ПЛОВДИВ,"ГР.ПЛОВДИВ, ОБЩИНСКИ ДЕТСКИ КОМПЛЕКС - ПЛОВДИВ БУЛ.ШЕСТИ СЕПТЕМВРИ №193",https://evideo.bg/pe202410/16.html#162201094
162201095,ГР.ПЛОВДИВ,"ГР.ПЛОВДИВ, ОБЩИНСКИ ДЕТСКИ КОМПЛЕКС - ПЛОВДИВ БУЛ.ШЕСТИ СЕПТЕМВРИ №193",https://evideo.bg/pe202410/16.html#162201095
162201096,ГР.ПЛОВДИВ,"ГР.ПЛОВДИВ, ОБЩИНСКИ ДЕТСКИ КОМПЛЕКС - ПЛОВДИВ БУЛ.ШЕСТИ СЕПТЕМВРИ №193",https://evideo.bg/pe202410/16.html#162201096
162201097,ГР.ПЛОВДИВ,"ГР.ПЛОВДИВ, ОУ ГЕО МИЛЕВ УЛ.П.Р.СЛАВЕЙКОВ №1",https://evideo.bg/pe202410/16.html#162201097
162201098,ГР.ПЛОВДИВ,"ГР.ПЛОВДИВ, ОУ ГЕО МИЛЕВ УЛ.П.Р.СЛАВЕЙКОВ №1",https://evideo.bg/pe202410/16.html#162201098
162201099,ГР.ПЛОВДИВ,"ГР.ПЛОВДИВ, ОУ ГЕО МИЛЕВ УЛ.П.Р.СЛАВЕЙКОВ №1",https://evideo.bg/pe202410/16.html#162201099
162201100,ГР.ПЛОВДИВ,"ГР.ПЛОВДИВ, ПРОФЕСИОНАЛНА ГИМНАЗИЯ ПО БИТОВА ТЕХНИКА, УЛ. ИВАН ПЕРПЕЛИЕВ №2",https://evideo.bg/pe202410/16.html#162201100
162202001,ГР.ПЛОВДИВ,"ГР.ПЛОВДИВ, ОУ ДИМЧО ДЕБЕЛЯНОВ УЛ. ЛАНДОС № 34",https://evideo.bg/pe202410/16.html#162202001
162202002,ГР.ПЛОВДИВ,"ГР.ПЛОВДИВ, ОУ ДИМЧО ДЕБЕЛЯНОВ УЛ. ЛАНДОС № 34",https://evideo.bg/pe202410/16.html#162202002
162202003,ГР.ПЛОВДИВ,"ГР.ПЛОВДИВ, ОУ ДИМЧО ДЕБЕЛЯНОВ УЛ. ЛАНДОС № 34",https://evideo.bg/pe202410/16.html#162202003
162202004,ГР.ПЛОВДИВ,"ГР.ПЛОВДИВ, ОУ ДИМЧО ДЕБЕЛЯНОВ УЛ. ЛАНДОС № 34",https://evideo.bg/pe202410/16.html#162202004
162202005,ГР.ПЛОВДИВ,"ГР.ПЛОВДИВ, ОУ ДИМЧО ДЕБЕЛЯНОВ УЛ. ЛАНДОС № 34",https://evideo.bg/pe202410/16.html#162202005
162202006,ГР.ПЛОВДИВ,"ГР.ПЛОВДИВ, ОУ ДИМЧО ДЕБЕЛЯНОВ УЛ. ЛАНДОС № 34",https://evideo.bg/pe202410/16.html#162202006
162202007,ГР.ПЛОВДИВ,"ГР.ПЛОВДИВ, ОУ ДИМЧО ДЕБЕЛЯНОВ УЛ. ЛАНДОС № 34",https://evideo.bg/pe202410/16.html#162202007
162202008,ГР.ПЛОВДИВ,"ГР.ПЛОВДИВ, ОУ ДИМЧО ДЕБЕЛЯНОВ УЛ. ЛАНДОС № 34",https://evideo.bg/pe202410/16.html#162202008
162202009,ГР.ПЛОВДИВ,"ГР.ПЛОВДИВ, ОБЩЕЖИТИЕ НА СЛЕПИТЕ - ФОАЙЕ УЛ. ЛАНДОС № 24",https://evideo.bg/pe202410/16.html#162202009
162202010,ГР.ПЛОВДИВ,"ГР.ПЛОВДИВ, СОУ СИМОН БОЛИВАР УЛ. ПРЕСПА № 1",https://evideo.bg/pe202410/16.html#162202010
162202011,ГР.ПЛОВДИВ,"ГР.ПЛОВДИВ, СОУ СИМОН БОЛИВАР УЛ. ПРЕСПА № 1",https://evideo.bg/pe202410/16.html#162202011
162202012,ГР.ПЛОВДИВ,"ГР.ПЛОВДИВ, СОУ СИМОН БОЛИВАР УЛ. ПРЕСПА № 1",https://evideo.bg/pe202410/16.html#162202012
162202013,ГР.ПЛОВДИВ,"ГР.ПЛОВДИВ, СОУ СИМОН БОЛИВАР УЛ. ПРЕСПА № 1",https://evideo.bg/pe202410/16.html#162202013
162202014,ГР.ПЛОВДИВ,"ГР.ПЛОВДИВ, СОУ СИМОН БОЛИВАР УЛ. ПРЕСПА № 1",https://evideo.bg/pe202410/16.html#162202014
162202015,ГР.ПЛОВДИВ,"ГР.ПЛОВДИВ, СОУ СИМОН БОЛИВАР УЛ. ПРЕСПА № 1",https://evideo.bg/pe202410/16.html#162202015
162202016,ГР.ПЛОВДИВ,"ГР.ПЛОВДИВ, СОУ СИМОН БОЛИВАР УЛ. ПРЕСПА № 1",https://evideo.bg/pe202410/16.html#162202016
162202017,ГР.ПЛОВДИВ,"ГР.ПЛОВДИВ, СОУ СИМОН БОЛИВАР УЛ. ПРЕСПА № 1",https://evideo.bg/pe202410/16.html#162202017
162202018,ГР.ПЛОВДИВ,"ГР.ПЛОВДИВ, СОУ СИМОН БОЛИВАР УЛ. ПРЕСПА № 1",https://evideo.bg/pe202410/16.html#162202018
162202019,ГР.ПЛОВДИВ,"ГР.ПЛОВДИВ, СОУ СИМОН БОЛИВАР УЛ. ПРЕСПА № 1",https://evideo.bg/pe202410/16.html#162202019
162202020,ГР.ПЛОВДИВ,"ГР.ПЛОВДИВ, СОУ СИМОН БОЛИВАР УЛ. ПРЕСПА № 1",https://evideo.bg/pe202410/16.html#162202020
162202021,ГР.ПЛОВДИВ,"ГР.ПЛОВДИВ, СОУ НАЙДЕН ГЕРОВ УЛ. КЕМЕРА № 27",https://evideo.bg/pe202410/16.html#162202021
162202022,ГР.ПЛОВДИВ,"ГР.ПЛОВДИВ, СОУ НАЙДЕН ГЕРОВ УЛ. КЕМЕРА № 27",https://evideo.bg/pe202410/16.html#162202022
162202023,ГР.ПЛОВДИВ,"ГР.ПЛОВДИВ, СОУ НАЙДЕН ГЕРОВ УЛ. КЕМЕРА № 27",https://evideo.bg/pe202410/16.html#162202023
162202024,ГР.ПЛОВДИВ,"ГР.ПЛОВДИВ, СОУ НАЙДЕН ГЕРОВ УЛ. КЕМЕРА № 27",https://evideo.bg/pe202410/16.html#162202024
162202025,ГР.ПЛОВДИВ,"ГР.ПЛОВДИВ, СОУ НАЙДЕН ГЕРОВ УЛ. КЕМЕРА № 27",https://evideo.bg/pe202410/16.html#162202025
162202026,ГР.ПЛОВДИВ,"ГР.ПЛОВДИВ, СОУ НАЙДЕН ГЕРОВ УЛ. КЕМЕРА № 27",https://evideo.bg/pe202410/16.html#162202026
162202027,ГР.ПЛОВДИВ,"ГР.ПЛОВДИВ, СОУ НАЙДЕН ГЕРОВ УЛ. КЕМЕРА № 27",https://evideo.bg/pe202410/16.html#162202027
162202028,ГР.ПЛОВДИВ,"ГР.ПЛОВДИВ, СОУ НАЙДЕН ГЕРОВ УЛ. КЕМЕРА № 27",https://evideo.bg/pe202410/16.html#162202028
162202029,ГР.ПЛОВДИВ,"ГР.ПЛОВДИВ, СОУ НАЙДЕН ГЕРОВ УЛ. КЕМЕРА № 27",https://evideo.bg/pe202410/16.html#162202029
162202030,ГР.ПЛОВДИВ,"ГР.ПЛОВДИВ, СОУ НАЙДЕН ГЕРОВ УЛ. КЕМЕРА № 27",https://evideo.bg/pe202410/16.html#162202030
162202031,ГР.ПЛОВДИВ,"ГР.ПЛОВДИВ, СОУ НАЙДЕН ГЕРОВ - НАЧАЛЕН КУРС УЛ.ВЪЗХОД № 26",https://evideo.bg/pe202410/16.html#162202031
162202032,ГР.ПЛОВДИВ,"ГР.ПЛОВДИВ, СОУ НАЙДЕН ГЕРОВ - НАЧАЛЕН КУРС УЛ.ВЪЗХОД № 26",https://evideo.bg/pe202410/16.html#162202032
162202033,ГР.ПЛОВДИВ,"ГР.ПЛОВДИВ, СОУ НАЙДЕН ГЕРОВ - НАЧАЛЕН КУРС УЛ.ВЪЗХОД № 26",https://evideo.bg/pe202410/16.html#162202033
162202034,ГР.ПЛОВДИВ,"ГР.ПЛОВДИВ, СОУ НАЙДЕН ГЕРОВ - НАЧАЛЕН КУРС УЛ.ВЪЗХОД № 26",https://evideo.bg/pe202410/16.html#162202034
162202035,ГР.ПЛОВДИВ,"ГР.ПЛОВДИВ, СОУ НАЙДЕН ГЕРОВ - НАЧАЛЕН КУРС УЛ.ВЪЗХОД № 26",https://evideo.bg/pe202410/16.html#162202035
162202036,ГР.ПЛОВДИВ,"ГР.ПЛОВДИВ, СОУ НАЙДЕН ГЕРОВ - НАЧАЛЕН КУРС УЛ.ВЪЗХОД № 26",https://evideo.bg/pe202410/16.html#162202036
162202037,ГР.ПЛОВДИВ,"ГР.ПЛОВДИВ, СОУ НАЙДЕН ГЕРОВ - НАЧАЛЕН КУРС УЛ.ВЪЗХОД № 26",https://evideo.bg/pe202410/16.html#162202037
162202038,ГР.ПЛОВДИВ,"ГР.ПЛОВДИВ, НУ КИРИЛ НЕКТАРИЕВ УЛ.ПРАВДА № 17",https://evideo.bg/pe202410/16.html#162202038
162202039,ГР.ПЛОВДИВ,"ГР.ПЛОВДИВ, НУ КИРИЛ НЕКТАРИЕВ УЛ.ПРАВДА № 17",https://evideo.bg/pe202410/16.html#162202039
162202040,ГР.ПЛОВДИВ,"ГР.ПЛОВДИВ, НУ КИРИЛ НЕКТАРИЕВ УЛ.ПРАВДА № 17",https://evideo.bg/pe202410/16.html#162202040
162202041,ГР.ПЛОВДИВ,"ГР.ПЛОВДИВ, НУ КИРИЛ НЕКТАРИЕВ УЛ.ПРАВДА № 17",https://evideo.bg/pe202410/16.html#162202041
162202042,ГР.ПЛОВДИВ,"ГР.ПЛОВДИВ, НУ КИРИЛ НЕКТАРИЕВ УЛ.ПРАВДА № 17",https://evideo.bg/pe202410/16.html#162202042
162202043,ГР.ПЛОВДИВ,"ГР.ПЛОВДИВ, НУ КИРИЛ НЕКТАРИЕВ УЛ.ПРАВДА № 17",https://evideo.bg/pe202410/16.html#162202043
162202044,ГР.ПЛОВДИВ,"ГР.ПЛОВДИВ, ОУ ПЕНЧО СЛАВЕЙКОВ УЛ.БАТАК № 57",https://evideo.bg/pe202410/16.html#162202044
162202045,ГР.ПЛОВДИВ,"ГР.ПЛОВДИВ, ОУ ПЕНЧО СЛАВЕЙКОВ УЛ.БАТАК № 57",https://evideo.bg/pe202410/16.html#162202045
162202046,ГР.ПЛОВДИВ,"ГР.ПЛОВДИВ, ОУ ПЕНЧО СЛАВЕЙКОВ УЛ.БАТАК № 57",https://evideo.bg/pe202410/16.html#162202046
162202047,ГР.ПЛОВДИВ,"ГР.ПЛОВДИВ, ОУ ПЕНЧО СЛАВЕЙКОВ УЛ.БАТАК № 57",https://evideo.bg/pe202410/16.html#162202047
162202048,ГР.ПЛОВДИВ,"ГР.ПЛОВДИВ, ОУ ПЕНЧО СЛАВЕЙКОВ УЛ.БАТАК № 57",https://evideo.bg/pe202410/16.html#162202048
162202049,ГР.ПЛОВДИВ,"ГР.ПЛОВДИВ, ОУ ПЕНЧО СЛАВЕЙКОВ УЛ.БАТАК № 57",https://evideo.bg/pe202410/16.html#162202049
162202050,ГР.ПЛОВДИВ,"ГР.ПЛОВДИВ, ОУ ПЕНЧО СЛАВЕЙКОВ УЛ.БАТАК № 57",https://evideo.bg/pe202410/16.html#162202050
162202051,ГР.ПЛОВДИВ,"ГР.ПЛОВДИВ, ОУ ПЕНЧО СЛАВЕЙКОВ УЛ.БАТАК № 57",https://evideo.bg/pe202410/16.html#162202051
162202052,ГР.ПЛОВДИВ,"ГР.ПЛОВДИВ, ОУ ПЕНЧО СЛАВЕЙКОВ УЛ.БАТАК № 57",https://evideo.bg/pe202410/16.html#162202052
162202053,ГР.ПЛОВДИВ,"ГР.ПЛОВДИВ, ОУ ПЕНЧО СЛАВЕЙКОВ УЛ.БАТАК № 57",https://evideo.bg/pe202410/16.html#162202053
162202054,ГР.ПЛОВДИВ,"ГР.ПЛОВДИВ, ПГТ ГОЦЕ ДЕЛЧЕВ УЛ.АРХ.К.ПЕТКОВ № 1",https://evideo.bg/pe202410/16.html#162202054
162202055,ГР.ПЛОВДИВ,"ГР.ПЛОВДИВ, ПГТ ГОЦЕ ДЕЛЧЕВ УЛ.АРХ.К.ПЕТКОВ № 1",https://evideo.bg/pe202410/16.html#162202055
162202056,ГР.ПЛОВДИВ,"ГР.ПЛОВДИВ, ПГТ ГОЦЕ ДЕЛЧЕВ УЛ.АРХ.К.ПЕТКОВ № 1",https://evideo.bg/pe202410/16.html#162202056
162202057,ГР.ПЛОВДИВ,"ГР.ПЛОВДИВ, ПГТ ГОЦЕ ДЕЛЧЕВ УЛ.АРХ.К.ПЕТКОВ № 1",https://evideo.bg/pe202410/16.html#162202057
162202058,ГР.ПЛОВДИВ,"ГР.ПЛОВДИВ, ПГТ ГОЦЕ ДЕЛЧЕВ УЛ.АРХ.К.ПЕТКОВ № 1",https://evideo.bg/pe202410/16.html#162202058
162202059,ГР.ПЛОВДИВ,"ГР.ПЛОВДИВ, ПГТ ГОЦЕ ДЕЛЧЕВ УЛ.АРХ.К.ПЕТКОВ № 1",https://evideo.bg/pe202410/16.html#162202059
162202060,ГР.ПЛОВДИВ,"ГР.ПЛОВДИВ, ОУ ВАСИЛ ЛЕВСКИ УЛ. РАЛИЦА № 2",https://evideo.bg/pe202410/16.html#162202060
162202061,ГР.ПЛОВДИВ,"ГР.ПЛОВДИВ, ОУ ВАСИЛ ЛЕВСКИ УЛ. РАЛИЦА № 2",https://evideo.bg/pe202410/16.html#162202061
162202062,ГР.ПЛОВДИВ,"ГР.ПЛОВДИВ, ОУ ВАСИЛ ЛЕВСКИ УЛ. РАЛИЦА № 2",https://evideo.bg/pe202410/16.html#162202062
162202063,ГР.ПЛОВДИВ,"ГР.ПЛОВДИВ, ОУ ВАСИЛ ЛЕВСКИ УЛ. РАЛИЦА № 2",https://evideo.bg/pe202410/16.html#162202063
162202064,ГР.ПЛОВДИВ,"ГР.ПЛОВДИВ, ОУ ВАСИЛ ЛЕВСКИ УЛ. РАЛИЦА № 2",https://evideo.bg/pe202410/16.html#162202064
162202065,ГР.ПЛОВДИВ,"ГР.ПЛОВДИВ, НУ ПЕТКО РАЧЕВ СЛАВЕЙКОВ УЛ. СЛАВЯНСКА № 82",https://evideo.bg/pe202410/16.html#162202065
162202066,ГР.ПЛОВДИВ,"ГР.ПЛОВДИВ, НУ ПЕТКО РАЧЕВ СЛАВЕЙКОВ УЛ. СЛАВЯНСКА № 82",https://evideo.bg/pe202410/16.html#162202066
162202067,ГР.ПЛОВДИВ,"ГР.ПЛОВДИВ, НУ ПЕТКО РАЧЕВ СЛАВЕЙКОВ УЛ. СЛАВЯНСКА № 82",https://evideo.bg/pe202410/16.html#162202067
162202068,ГР.ПЛОВДИВ,"ГР.ПЛОВДИВ, НУ ПЕТКО РАЧЕВ СЛАВЕЙКОВ УЛ. СЛАВЯНСКА № 82",https://evideo.bg/pe202410/16.html#162202068
162202069,ГР.ПЛОВДИВ,"ГР.ПЛОВДИВ, НУ ПЕТКО РАЧЕВ СЛАВЕЙКОВ УЛ. СЛАВЯНСКА № 82",https://evideo.bg/pe202410/16.html#162202069
162202070,ГР.ПЛОВДИВ,"ГР.ПЛОВДИВ, НУ ПЕТКО РАЧЕВ СЛАВЕЙКОВ УЛ. СЛАВЯНСКА № 82",https://evideo.bg/pe202410/16.html#162202070
162203001,ГР.ПЛОВДИВ,"ГР.ПЛОВДИВ, ОУ ЕЛИН ПЕЛИН УЛ.ГЕН.КОЛЕВ № 42",https://evideo.bg/pe202410/16.html#162203001
162203002,ГР.ПЛОВДИВ,"ГР.ПЛОВДИВ, ОУ ЕЛИН ПЕЛИН УЛ.ГЕН.КОЛЕВ № 42",https://evideo.bg/pe202410/16.html#162203002
162203003,ГР.ПЛОВДИВ,"ГР.ПЛОВДИВ, ОУ ЕЛИН ПЕЛИН УЛ.ГЕН.КОЛЕВ № 42",https://evideo.bg/pe202410/16.html#162203003
162203004,ГР.ПЛОВДИВ,"ГР.ПЛОВДИВ, ОУ ЕЛИН ПЕЛИН УЛ.ГЕН.КОЛЕВ № 42",https://evideo.bg/pe202410/16.html#162203004
162203005,ГР.ПЛОВДИВ,"ГР.ПЛОВДИВ, ОУ ЕЛИН ПЕЛИН УЛ.ГЕН.КОЛЕВ № 42",https://evideo.bg/pe202410/16.html#162203005
162203006,ГР.ПЛОВДИВ,"ГР.ПЛОВДИВ, РЗИ УЛ. ПЕРУЩИЦА №1",https://evideo.bg/pe202410/16.html#162203006
162203007,ГР.ПЛОВДИВ,"ГР.ПЛОВДИВ, ОУ ВАСИЛ ПЕТЛЕШКОВ БУЛ. ПЕЩЕРСКО ШОСЕ №131",https://evideo.bg/pe202410/16.html#162203007
162203008,ГР.ПЛОВДИВ,"ГР.ПЛОВДИВ, ОУ ВАСИЛ ПЕТЛЕШКОВ БУЛ. ПЕЩЕРСКО ШОСЕ №131",https://evideo.bg/pe202410/16.html#162203008
162203009,ГР.ПЛОВДИВ,"ГР.ПЛОВДИВ, ОУ ВАСИЛ ПЕТЛЕШКОВ БУЛ. ПЕЩЕРСКО ШОСЕ №131",https://evideo.bg/pe202410/16.html#162203009
162203010,ГР.ПЛОВДИВ,"ГР.ПЛОВДИВ, ОУ ВАСИЛ ПЕТЛЕШКОВ БУЛ. ПЕЩЕРСКО ШОСЕ №131",https://evideo.bg/pe202410/16.html#162203010
162203011,ГР.ПЛОВДИВ,"ГР.ПЛОВДИВ, ОУ ВАСИЛ ПЕТЛЕШКОВ БУЛ. ПЕЩЕРСКО ШОСЕ №131",https://evideo.bg/pe202410/16.html#162203011
162203012,ГР.ПЛОВДИВ,"ГР.ПЛОВДИВ, ОУ ВАСИЛ ПЕТЛЕШКОВ БУЛ. ПЕЩЕРСКО ШОСЕ №131",https://evideo.bg/pe202410/16.html#162203012
162203013,ГР.ПЛОВДИВ,"ГР.ПЛОВДИВ, ОУ ВАСИЛ ПЕТЛЕШКОВ БУЛ. ПЕЩЕРСКО ШОСЕ №131",https://evideo.bg/pe202410/16.html#162203013
162203014,ГР.ПЛОВДИВ,"ГР.ПЛОВДИВ, ОУ ВАСИЛ ПЕТЛЕШКОВ БУЛ. ПЕЩЕРСКО ШОСЕ №131",https://evideo.bg/pe202410/16.html#162203014
162203015,ГР.ПЛОВДИВ,"ГР.ПЛОВДИВ, СУ СВ.СВ.КИРИЛ И МЕТОДИЙ УЛ.ЯВОР №31",https://evideo.bg/pe202410/16.html#162203015
162203016,ГР.ПЛОВДИВ,"ГР.ПЛОВДИВ, СУ СВ.СВ.КИРИЛ И МЕТОДИЙ УЛ.ЯВОР №31",https://evideo.bg/pe202410/16.html#162203016
162203017,ГР.ПЛОВДИВ,"ГР.ПЛОВДИВ, СУ СВ.СВ.КИРИЛ И МЕТОДИЙ УЛ.ЯВОР №31",https://evideo.bg/pe202410/16.html#162203017
162203018,ГР.ПЛОВДИВ,"ГР.ПЛОВДИВ, СУ СВ.СВ.КИРИЛ И МЕТОДИЙ УЛ.ЯВОР №31",https://evideo.bg/pe202410/16.html#162203018
162203019,ГР.ПЛОВДИВ,"ГР.ПЛОВДИВ, СУ СВ.СВ.КИРИЛ И МЕТОДИЙ УЛ.ЯВОР №31",https://evideo.bg/pe202410/16.html#162203019
162203020,ГР.ПЛОВДИВ,"ГР.ПЛОВДИВ, СУ СВ.СВ.КИРИЛ И МЕТОДИЙ УЛ.ЯВОР №31",https://evideo.bg/pe202410/16.html#162203020
162203021,ГР.ПЛОВДИВ,"ГР.ПЛОВДИВ, СУ СВ.СВ.КИРИЛ И МЕТОДИЙ УЛ.ЯВОР №31",https://evideo.bg/pe202410/16.html#162203021
162203022,ГР.ПЛОВДИВ,"ГР.ПЛОВДИВ, СУ СВ.СВ.КИРИЛ И МЕТОДИЙ УЛ.ЯВОР №31",https://evideo.bg/pe202410/16.html#162203022
162203023,ГР.ПЛОВДИВ,"ГР.ПЛОВДИВ, СУ СВ.СВ.КИРИЛ И МЕТОДИЙ УЛ.ЯВОР №31",https://evideo.bg/pe202410/16.html#162203023
162203024,ГР.ПЛОВДИВ,"ГР.ПЛОВДИВ, СУ СВ.СВ.КИРИЛ И МЕТОДИЙ УЛ.ЯВОР №31",https://evideo.bg/pe202410/16.html#162203024
162203025,ГР.ПЛОВДИВ,"ГР.ПЛОВДИВ, ОУ ДРАГАН МАНЧОВ УЛ.ЧЕМШИР №11",https://evideo.bg/pe202410/16.html#162203025
162203026,ГР.ПЛОВДИВ,"ГР.ПЛОВДИВ, ОУ ДРАГАН МАНЧОВ УЛ.ЧЕМШИР №11",https://evideo.bg/pe202410/16.html#162203026
162203027,ГР.ПЛОВДИВ,"ГР.ПЛОВДИВ, ОУ ДРАГАН МАНЧОВ УЛ.ЧЕМШИР №11",https://evideo.bg/pe202410/16.html#162203027
162203028,ГР.ПЛОВДИВ,"ГР.ПЛОВДИВ, ОУ ДРАГАН МАНЧОВ УЛ.ЧЕМШИР №11",https://evideo.bg/pe202410/16.html#162203028
162203029,ГР.ПЛОВДИВ,"ГР.ПЛОВДИВ, ОУ ДРАГАН МАНЧОВ УЛ.ЧЕМШИР №11",https://evideo.bg/pe202410/16.html#162203029
162203030,ГР.ПЛОВДИВ,"ГР.ПЛОВДИВ, ОУ ДРАГАН МАНЧОВ УЛ.ЧЕМШИР №11",https://evideo.bg/pe202410/16.html#162203030
162203031,ГР.ПЛОВДИВ,"ГР.ПЛОВДИВ, ОУ ДРАГАН МАНЧОВ УЛ.ЧЕМШИР №11",https://evideo.bg/pe202410/16.html#162203031
162203032,ГР.ПЛОВДИВ,"ГР.ПЛОВДИВ, СУ ВАСИЛ ЛЕВСКИ БУЛ. ШЕСТИ СЕПТЕМВРИ №1",https://evideo.bg/pe202410/16.html#162203032
162203033,ГР.ПЛОВДИВ,"ГР.ПЛОВДИВ, СУ ВАСИЛ ЛЕВСКИ БУЛ. ШЕСТИ СЕПТЕМВРИ №1",https://evideo.bg/pe202410/16.html#162203033
162203034,ГР.ПЛОВДИВ,"ГР.ПЛОВДИВ, СУ ВАСИЛ ЛЕВСКИ БУЛ. ШЕСТИ СЕПТЕМВРИ №1",https://evideo.bg/pe202410/16.html#162203034
162203035,ГР.ПЛОВДИВ,"ГР.ПЛОВДИВ, СУ ВАСИЛ ЛЕВСКИ БУЛ. ШЕСТИ СЕПТЕМВРИ №1",https://evideo.bg/pe202410/16.html#162203035
162203036,ГР.ПЛОВДИВ,"ГР.ПЛОВДИВ, СУ ВАСИЛ ЛЕВСКИ БУЛ. ШЕСТИ СЕПТЕМВРИ №1",https://evideo.bg/pe202410/16.html#162203036
162203037,ГР.ПЛОВДИВ,"ГР.ПЛОВДИВ, СУ ВАСИЛ ЛЕВСКИ БУЛ. ШЕСТИ СЕПТЕМВРИ №1",https://evideo.bg/pe202410/16.html#162203037
162203038,ГР.ПЛОВДИВ,"ГР.ПЛОВДИВ, СУ ВАСИЛ ЛЕВСКИ БУЛ. ШЕСТИ СЕПТЕМВРИ №1",https://evideo.bg/pe202410/16.html#162203038
162203039,ГР.ПЛОВДИВ,"ГР.ПЛОВДИВ, РЗИ УЛ. ПЕРУЩИЦА №1",https://evideo.bg/pe202410/16.html#162203039
162203040,ГР.ПЛОВДИВ,"ГР.ПЛОВДИВ, СУ ВАСИЛ ЛЕВСКИ БУЛ. ШЕСТИ СЕПТЕМВРИ №1",https://evideo.bg/pe202410/16.html#162203040
162203041,ГР.ПЛОВДИВ,"ГР.ПЛОВДИВ, ОУ ТОДОР КАБЛЕШКОВ УЛ.ЕЛЕНА №6",https://evideo.bg/pe202410/16.html#162203041
162203042,ГР.ПЛОВДИВ,"ГР.ПЛОВДИВ, ОУ ТОДОР КАБЛЕШКОВ УЛ.ЕЛЕНА №6",https://evideo.bg/pe202410/16.html#162203042
162203043,ГР.ПЛОВДИВ,"ГР.ПЛОВДИВ, ОУ ТОДОР КАБЛЕШКОВ УЛ.ЕЛЕНА №6",https://evideo.bg/pe202410/16.html#162203043
162203044,ГР.ПЛОВДИВ,"ГР.ПЛОВДИВ, ОУ ТОДОР КАБЛЕШКОВ УЛ.ЕЛЕНА №6",https://evideo.bg/pe202410/16.html#162203044
162203045,ГР.ПЛОВДИВ,"ГР.ПЛОВДИВ, ОУ ТОДОР КАБЛЕШКОВ УЛ.ЕЛЕНА №6",https://evideo.bg/pe202410/16.html#162203045
162203046,ГР.ПЛОВДИВ,"ГР.ПЛОВДИВ, ОУ ТОДОР КАБЛЕШКОВ УЛ.ЕЛЕНА №6",https://evideo.bg/pe202410/16.html#162203046
162203047,ГР.ПЛОВДИВ,"ГР.ПЛОВДИВ, ФИЛКАБ АД УЛ.КОМАТЕВСКО ШОСЕ №92",https://evideo.bg/pe202410/16.html#162203047
162204001,ГР.ПЛОВДИВ,"ГР.ПЛОВДИВ, ФРЕНСКА ЕЗИКОВА ГИМНАЗИЯ УЛ.ВУК КАРАДЖИЧ №13А",https://evideo.bg/pe202410/16.html#162204001
162204002,ГР.ПЛОВДИВ,"ГР.ПЛОВДИВ, ФРЕНСКА ЕЗИКОВА ГИМНАЗИЯ УЛ.ВУК КАРАДЖИЧ №13А",https://evideo.bg/pe202410/16.html#162204002
162204003,ГР.ПЛОВДИВ,"ГР.ПЛОВДИВ, ФРЕНСКА ЕЗИКОВА ГИМНАЗИЯ УЛ.ВУК КАРАДЖИЧ №13А",https://evideo.bg/pe202410/16.html#162204003
162204004,ГР.ПЛОВДИВ,"ГР.ПЛОВДИВ, ФРЕНСКА ЕЗИКОВА ГИМНАЗИЯ УЛ.ВУК КАРАДЖИЧ №13А",https://evideo.bg/pe202410/16.html#162204004
162204005,ГР.ПЛОВДИВ,"ГР.ПЛОВДИВ, ФРЕНСКА ЕЗИКОВА ГИМНАЗИЯ УЛ.ВУК КАРАДЖИЧ №13А",https://evideo.bg/pe202410/16.html#162204005
162204006,ГР.ПЛОВДИВ,"ГР.ПЛОВДИВ, ФРЕНСКА ЕЗИКОВА ГИМНАЗИЯ УЛ.ВУК КАРАДЖИЧ №13А",https://evideo.bg/pe202410/16.html#162204006
162204007,ГР.ПЛОВДИВ,"ГР.ПЛОВДИВ, ФРЕНСКА ЕЗИКОВА ГИМНАЗИЯ УЛ.ВУК КАРАДЖИЧ №13А",https://evideo.bg/pe202410/16.html#162204007
162204008,ГР.ПЛОВДИВ,"ГР.ПЛОВДИВ, ФРЕНСКА ЕЗИКОВА ГИМНАЗИЯ УЛ.ВУК КАРАДЖИЧ №13А",https://evideo.bg/pe202410/16.html#162204008
162204009,ГР.ПЛОВДИВ,"ГР.ПЛОВДИВ, ФРЕНСКА ЕЗИКОВА ГИМНАЗИЯ УЛ.ВУК КАРАДЖИЧ №13А",https://evideo.bg/pe202410/16.html#162204009
162204010,ГР.ПЛОВДИВ,"ГР.ПЛОВДИВ, ФРЕНСКА ЕЗИКОВА ГИМНАЗИЯ УЛ.ВУК КАРАДЖИЧ №13А",https://evideo.bg/pe202410/16.html#162204010
162204011,ГР.ПЛОВДИВ,"ГР.ПЛОВДИВ, ФРЕНСКА ЕЗИКОВА ГИМНАЗИЯ УЛ.ВУК КАРАДЖИЧ №13А",https://evideo.bg/pe202410/16.html#162204011
162204012,ГР.ПЛОВДИВ,"ГР.ПЛОВДИВ, ФРЕНСКА ЕЗИКОВА ГИМНАЗИЯ УЛ.ВУК КАРАДЖИЧ №13А",https://evideo.bg/pe202410/16.html#162204012
162204013,ГР.ПЛОВДИВ,"ГР.ПЛОВДИВ, ФРЕНСКА ЕЗИКОВА ГИМНАЗИЯ УЛ.ВУК КАРАДЖИЧ №13А",https://evideo.bg/pe202410/16.html#162204013
162204014,ГР.ПЛОВДИВ,"ГР.ПЛОВДИВ, ОУ ПАНАЙОТ ВОЛОВ УЛ.ДИЛЯНКА №29",https://evideo.bg/pe202410/16.html#162204014
162204015,ГР.ПЛОВДИВ,"ГР.ПЛОВДИВ, ОУ ПАНАЙОТ ВОЛОВ УЛ.ДИЛЯНКА №29",https://evideo.bg/pe202410/16.html#162204015
162204016,ГР.ПЛОВДИВ,"ГР.ПЛОВДИВ, ОУ ПАНАЙОТ ВОЛОВ УЛ.ДИЛЯНКА №29",https://evideo.bg/pe202410/16.html#162204016
162204017,ГР.ПЛОВДИВ,"ГР.ПЛОВДИВ, ОУ РАЙНА КНЯГИНЯ УЛ.ПОЛК.САВА МУТКУРОВ 40",https://evideo.bg/pe202410/16.html#162204017
162204018,ГР.ПЛОВДИВ,"ГР.ПЛОВДИВ, ОУ РАЙНА КНЯГИНЯ УЛ.ПОЛК.САВА МУТКУРОВ 40",https://evideo.bg/pe202410/16.html#162204018
162204019,ГР.ПЛОВДИВ,"ГР.ПЛОВДИВ, ОУ РАЙНА КНЯГИНЯ УЛ.ПОЛК.САВА МУТКУРОВ 40",https://evideo.bg/pe202410/16.html#162204019
162204020,ГР.ПЛОВДИВ,"ГР.ПЛОВДИВ, ОУ РАЙНА КНЯГИНЯ УЛ.ПОЛК.САВА МУТКУРОВ 40",https://evideo.bg/pe202410/16.html#162204020
162204021,ГР.ПЛОВДИВ,"ГР.ПЛОВДИВ, НУ ХРИСТО БОТЕВ УЛ. ЗАЙЧАР № 7",https://evideo.bg/pe202410/16.html#162204021
162204022,ГР.ПЛОВДИВ,"ГР.ПЛОВДИВ, ОУ РАЙНА КНЯГИНЯ УЛ. ПОЛК.САВА МУТКУРОВ №40",https://evideo.bg/pe202410/16.html#162204022
162204023,ГР.ПЛОВДИВ,"ГР.ПЛОВДИВ, ОУ РАЙНА КНЯГИНЯ УЛ. ПОЛК.САВА МУТКУРОВ №40",https://evideo.bg/pe202410/16.html#162204023
162204024,ГР.ПЛОВДИВ,"ГР.ПЛОВДИВ, ОУ РАЙНА КНЯГИНЯ УЛ. ПОЛК.САВА МУТКУРОВ №40",https://evideo.bg/pe202410/16.html#162204024
162204025,ГР.ПЛОВДИВ,"ГР.ПЛОВДИВ, ОУ РАЙНА КНЯГИНЯ УЛ. ПОЛК.САВА МУТКУРОВ №40",https://evideo.bg/pe202410/16.html#162204025
162204026,ГР.ПЛОВДИВ,"ГР.ПЛОВДИВ, ОУ РАЙНА КНЯГИНЯ УЛ. ПОЛК.САВА МУТКУРОВ №40",https://evideo.bg/pe202410/16.html#162204026
162204027,ГР.ПЛОВДИВ,"ГР.ПЛОВДИВ, ОУ РАЙНА КНЯГИНЯ УЛ. ПОЛК.САВА МУТКУРОВ №40",https://evideo.bg/pe202410/16.html#162204027
162204028,ГР.ПЛОВДИВ,"ГР.ПЛОВДИВ, ОУ РАЙНА КНЯГИНЯ УЛ. ПОЛК.САВА МУТКУРОВ №40",https://evideo.bg/pe202410/16.html#162204028
162204029,ГР.ПЛОВДИВ,"ГР.ПЛОВДИВ, ОУ РАЙНА КНЯГИНЯ УЛ. ПОЛК.САВА МУТКУРОВ №40",https://evideo.bg/pe202410/16.html#162204029
162204030,ГР.ПЛОВДИВ,"ГР.ПЛОВДИВ, ОУ РАЙНА КНЯГИНЯ УЛ. ПОЛК.САВА МУТКУРОВ №40",https://evideo.bg/pe202410/16.html#162204030
162204031,ГР.ПЛОВДИВ,"ГР.ПЛОВДИВ, ОУ ДИМИТЪР ДИМОВ УЛ.ГЕН.КОТУЗОВ №2",https://evideo.bg/pe202410/16.html#162204031
162204032,ГР.ПЛОВДИВ,"ГР.ПЛОВДИВ, ОУ ДИМИТЪР ДИМОВ УЛ.ГЕН.КОТУЗОВ №2",https://evideo.bg/pe202410/16.html#162204032
162204033,ГР.ПЛОВДИВ,"ГР.ПЛОВДИВ, ОУ ПАНАЙОТ ВОЛОВ УЛ.ДИЛЯНКА №29",https://evideo.bg/pe202410/16.html#162204033
162204034,ГР.ПЛОВДИВ,"ГР.ПЛОВДИВ, ОУ ДИМИТЪР ДИМОВ УЛ.ГЕН.КОТУЗОВ №2",https://evideo.bg/pe202410/16.html#162204034
162204035,ГР.ПЛОВДИВ,"ГР.ПЛОВДИВ, ОУ ДИМИТЪР ДИМОВ УЛ.ГЕН.КОТУЗОВ №2",https://evideo.bg/pe202410/16.html#162204035
162204036,ГР.ПЛОВДИВ,"ГР.ПЛОВДИВ, ОУ ДИМИТЪР ДИМОВ УЛ.ГЕН.КОТУЗОВ №2",https://evideo.bg/pe202410/16.html#162204036
162204037,ГР.ПЛОВДИВ,"ГР.ПЛОВДИВ, НУ ХРИСТО БОТЕВ УЛ.ЗАЙЧАР №7",https://evideo.bg/pe202410/16.html#162204037
162204038,ГР.ПЛОВДИВ,"ГР.ПЛОВДИВ, НУ ХРИСТО БОТЕВ УЛ.ЗАЙЧАР №7",https://evideo.bg/pe202410/16.html#162204038
162204039,ГР.ПЛОВДИВ,"ГР.ПЛОВДИВ, НУ ХРИСТО БОТЕВ УЛ.ЗАЙЧАР №7",https://evideo.bg/pe202410/16.html#162204039
162204040,ГР.ПЛОВДИВ,"ГР.ПЛОВДИВ, НУ ХРИСТО БОТЕВ УЛ.ЗАЙЧАР №7",https://evideo.bg/pe202410/16.html#162204040
162204041,ГР.ПЛОВДИВ,"ГР.ПЛОВДИВ, НУ ХРИСТО БОТЕВ УЛ.ЗАЙЧАР №7",https://evideo.bg/pe202410/16.html#162204041
162204042,ГР.ПЛОВДИВ,"ГР.ПЛОВДИВ, НУ ХРИСТО БОТЕВ УЛ.ЗАЙЧАР №7",https://evideo.bg/pe202410/16.html#162204042
162204043,ГР.ПЛОВДИВ,"ГР.ПЛОВДИВ, НУ ХРИСТО БОТЕВ УЛ.ЗАЙЧАР №7",https://evideo.bg/pe202410/16.html#162204043
162204044,ГР.ПЛОВДИВ,"ГР.ПЛОВДИВ, ПГ КИТ УЛ.НИКОЛА БЕЛОВЕЖДОВ №16",https://evideo.bg/pe202410/16.html#162204044
162204045,ГР.ПЛОВДИВ,"ГР.ПЛОВДИВ, ПГ КИТ УЛ.НИКОЛА БЕЛОВЕЖДОВ №16",https://evideo.bg/pe202410/16.html#162204045
162204046,ГР.ПЛОВДИВ,"ГР.ПЛОВДИВ, ПГ КИТ УЛ.НИКОЛА БЕЛОВЕЖДОВ №16",https://evideo.bg/pe202410/16.html#162204046
162204047,ГР.ПЛОВДИВ,"ГР.ПЛОВДИВ, ПГ КИТ УЛ.НИКОЛА БЕЛОВЕЖДОВ №16",https://evideo.bg/pe202410/16.html#162204047
162204048,ГР.ПЛОВДИВ,"ГР.ПЛОВДИВ, ПГ КИТ УЛ.НИКОЛА БЕЛОВЕЖДОВ №16",https://evideo.bg/pe202410/16.html#162204048
162204049,ГР.ПЛОВДИВ,"ГР.ПЛОВДИВ, ПГ КИТ УЛ.НИКОЛА БЕЛОВЕЖДОВ №16",https://evideo.bg/pe202410/16.html#162204049
162204050,ГР.ПЛОВДИВ,"ГР.ПЛОВДИВ, ПГ КИТ УЛ.НИКОЛА БЕЛОВЕЖДОВ №16",https://evideo.bg/pe202410/16.html#162204050
162204051,ГР.ПЛОВДИВ,"ГР.ПЛОВДИВ, ПГ КИТ УЛ.НИКОЛА БЕЛОВЕЖДОВ №16",https://evideo.bg/pe202410/16.html#162204051
162204052,ГР.ПЛОВДИВ,"ГР.ПЛОВДИВ, СУ ХРИСТО Г. ДАНОВ УЛ.АЛЕН МАК №1",https://evideo.bg/pe202410/16.html#162204052
162204053,ГР.ПЛОВДИВ,"ГР.ПЛОВДИВ, СУ ХРИСТО Г. ДАНОВ УЛ.АЛЕН МАК №1",https://evideo.bg/pe202410/16.html#162204053
162204054,ГР.ПЛОВДИВ,"ГР.ПЛОВДИВ, СУ ХРИСТО Г. ДАНОВ УЛ.АЛЕН МАК №1",https://evideo.bg/pe202410/16.html#162204054
162204055,ГР.ПЛОВДИВ,"ГР.ПЛОВДИВ, СУ ХРИСТО Г. ДАНОВ УЛ.АЛЕН МАК №1",https://evideo.bg/pe202410/16.html#162204055
162204056,ГР.ПЛОВДИВ,"ГР.ПЛОВДИВ, СУ ХРИСТО Г. ДАНОВ УЛ.АЛЕН МАК №1",https://evideo.bg/pe202410/16.html#162204056
162204057,ГР.ПЛОВДИВ,"ГР.ПЛОВДИВ, СУ ХРИСТО Г. ДАНОВ УЛ.АЛЕН МАК №1",https://evideo.bg/pe202410/16.html#162204057
162204058,ГР.ПЛОВДИВ,"ГР.ПЛОВДИВ, СУ ХРИСТО Г. ДАНОВ УЛ.АЛЕН МАК №1",https://evideo.bg/pe202410/16.html#162204058
162204059,ГР.ПЛОВДИВ,"ГР.ПЛОВДИВ, СУ ХРИСТО Г. ДАНОВ УЛ.АЛЕН МАК №1",https://evideo.bg/pe202410/16.html#162204059
162204060,ГР.ПЛОВДИВ,"ГР.ПЛОВДИВ, СУ НИКОЛА ВАПЦАРОВ УЛ.ОГРАЖДЕН №10",https://evideo.bg/pe202410/16.html#162204060
162204061,ГР.ПЛОВДИВ,"ГР.ПЛОВДИВ, СУ НИКОЛА ВАПЦАРОВ УЛ.ОГРАЖДЕН №10",https://evideo.bg/pe202410/16.html#162204061
162204062,ГР.ПЛОВДИВ,"ГР.ПЛОВДИВ, СУ НИКОЛА ВАПЦАРОВ УЛ.ОГРАЖДЕН №10",https://evideo.bg/pe202410/16.html#162204062
162204063,ГР.ПЛОВДИВ,"ГР.ПЛОВДИВ, СУ НИКОЛА ВАПЦАРОВ УЛ.ОГРАЖДЕН №10",https://evideo.bg/pe202410/16.html#162204063
162204064,ГР.ПЛОВДИВ,"ГР.ПЛОВДИВ, СУ НИКОЛА ВАПЦАРОВ УЛ.ОГРАЖДЕН №10",https://evideo.bg/pe202410/16.html#162204064
162204065,ГР.ПЛОВДИВ,"ГР.ПЛОВДИВ, СУ НИКОЛА ВАПЦАРОВ УЛ.ОГРАЖДЕН №10",https://evideo.bg/pe202410/16.html#162204065
162204066,ГР.ПЛОВДИВ,"ГР.ПЛОВДИВ, НУ ХРИСТО БОТЕВ УЛ.ЗАЙЧАР 7",https://evideo.bg/pe202410/16.html#162204066
162204067,ГР.ПЛОВДИВ,"ГР.ПЛОВДИВ, НУ ХРИСТО БОТЕВ УЛ.ЗАЙЧАР 7",https://evideo.bg/pe202410/16.html#162204067
162204068,ГР.ПЛОВДИВ,"ГР.ПЛОВДИВ, НУ ХРИСТО БОТЕВ УЛ.ЗАЙЧАР 7",https://evideo.bg/pe202410/16.html#162204068
162204069,ГР.ПЛОВДИВ,"ГР.ПЛОВДИВ, ОУ ПАНАЙОТ ВОЛОВ УЛ.ДИЛЯНКА № 29",https://evideo.bg/pe202410/16.html#162204069
162204070,ГР.ПЛОВДИВ,"ГР.ПЛОВДИВ, ОУ ДИМИТЪР ДИМОВ УЛ.ГЕНЕРАЛ КОТУЗОВ № 2",https://evideo.bg/pe202410/16.html#162204070
162204071,ГР.ПЛОВДИВ,"ГР.ПЛОВДИВ, НУ ХРИСТО БОТЕВ УЛ.ЗАЙЧАР № 7",https://evideo.bg/pe202410/16.html#162204071
162204072,ГР.ПЛОВДИВ,"ГР.ПЛОВДИВ, ПГ КИТ УЛ.НИКОЛА БЕЛОВЕЖДОВ № 16",https://evideo.bg/pe202410/16.html#162204072
162204073,ГР.ПЛОВДИВ,"ГР.ПЛОВДИВ, СУ НИКОЛА ВАПЦАРОВ УЛ.ОГРАЖДЕН № 10",https://evideo.bg/pe202410/16.html#162204073
162205001,ГР.ПЛОВДИВ,"ГР.ПЛОВДИВ, СУ БРАТЯ МИЛАДИНОВИ УЛ.ТОДОР АЛЕКСАНДРОВ №14",https://evideo.bg/pe202410/16.html#162205001
162205002,ГР.ПЛОВДИВ,"ГР.ПЛОВДИВ, СУ БРАТЯ МИЛАДИНОВИ УЛ.ТОДОР АЛЕКСАНДРОВ №14",https://evideo.bg/pe202410/16.html#162205002
162205003,ГР.ПЛОВДИВ,"ГР.ПЛОВДИВ, СУ БРАТЯ МИЛАДИНОВИ УЛ.ТОДОР АЛЕКСАНДРОВ №14",https://evideo.bg/pe202410/16.html#162205003
162205004,ГР.ПЛОВДИВ,"ГР.ПЛОВДИВ, СУ БРАТЯ МИЛАДИНОВИ УЛ.ТОДОР АЛЕКСАНДРОВ №14",https://evideo.bg/pe202410/16.html#162205004
162205005,ГР.ПЛОВДИВ,"ГР.ПЛОВДИВ, СУ БРАТЯ МИЛАДИНОВИ УЛ.ТОДОР АЛЕКСАНДРОВ №14",https://evideo.bg/pe202410/16.html#162205005
162205006,ГР.ПЛОВДИВ,"ГР.ПЛОВДИВ, СУ БРАТЯ МИЛАДИНОВИ УЛ.ТОДОР АЛЕКСАНДРОВ №14",https://evideo.bg/pe202410/16.html#162205006
162205007,ГР.ПЛОВДИВ,"ГР.ПЛОВДИВ, СУ БРАТЯ МИЛАДИНОВИ - МАЛКА СГРАДА УЛ.ДАМЕ ГРУЕВ №60",https://evideo.bg/pe202410/16.html#162205007
162205008,ГР.ПЛОВДИВ,"ГР.ПЛОВДИВ, СУ БРАТЯ МИЛАДИНОВИ - МАЛКА СГРАДА УЛ.ДАМЕ ГРУЕВ №60",https://evideo.bg/pe202410/16.html#162205008
162205009,ГР.ПЛОВДИВ,"ГР.ПЛОВДИВ, СУ БРАТЯ МИЛАДИНОВИ - МАЛКА СГРАДА УЛ.ДАМЕ ГРУЕВ №60",https://evideo.bg/pe202410/16.html#162205009
162205010,ГР.ПЛОВДИВ,"ГР.ПЛОВДИВ, СУ БРАТЯ МИЛАДИНОВИ - МАЛКА СГРАДА УЛ.ДАМЕ ГРУЕВ №60",https://evideo.bg/pe202410/16.html#162205010
162205011,ГР.ПЛОВДИВ,"ГР.ПЛОВДИВ, СУ БРАТЯ МИЛАДИНОВИ - МАЛКА СГРАДА УЛ.ДАМЕ ГРУЕВ №60",https://evideo.bg/pe202410/16.html#162205011
162205012,ГР.ПЛОВДИВ,"ГР.ПЛОВДИВ, СУ БРАТЯ МИЛАДИНОВИ - МАЛКА СГРАДА УЛ.ДАМЕ ГРУЕВ №60",https://evideo.bg/pe202410/16.html#162205012
162205013,ГР.ПЛОВДИВ,"ГР.ПЛОВДИВ, СУ БРАТЯ МИЛАДИНОВИ - МАЛКА СГРАДА УЛ.ДАМЕ ГРУЕВ №60",https://evideo.bg/pe202410/16.html#162205013
162205014,ГР.ПЛОВДИВ,"ГР.ПЛОВДИВ, НУ КЛИМЕНТ ОХРИДСКИ УЛ. ПРИЛЕП 2",https://evideo.bg/pe202410/16.html#162205014
162205015,ГР.ПЛОВДИВ,"ГР.ПЛОВДИВ, НУ КЛИМЕНТ ОХРИДСКИ УЛ. ПРИЛЕП 2",https://evideo.bg/pe202410/16.html#162205015
162205016,ГР.ПЛОВДИВ,"ГР.ПЛОВДИВ, НУ КЛИМЕНТ ОХРИДСКИ УЛ. ПРИЛЕП 2",https://evideo.bg/pe202410/16.html#162205016
162205017,ГР.ПЛОВДИВ,"ГР.ПЛОВДИВ, НУ КЛИМЕНТ ОХРИДСКИ УЛ. ПРИЛЕП 2",https://evideo.bg/pe202410/16.html#162205017
162205018,ГР.ПЛОВДИВ,"ГР.ПЛОВДИВ, НУ КЛИМЕНТ ОХРИДСКИ УЛ. ПРИЛЕП 2",https://evideo.bg/pe202410/16.html#162205018
162205019,ГР.ПЛОВДИВ,"ГР.ПЛОВДИВ, НУ КЛИМЕНТ ОХРИДСКИ УЛ. ПРИЛЕП 2",https://evideo.bg/pe202410/16.html#162205019
162205020,ГР.ПЛОВДИВ,"ГР.ПЛОВДИВ, МЕДИЦИНСКИ КОЛЕЖ УЛ.БРАТЯ БЪКСТОН №120",https://evideo.bg/pe202410/16.html#162205020
162205021,ГР.ПЛОВДИВ,"ГР.ПЛОВДИВ, МЕДИЦИНСКИ КОЛЕЖ УЛ.БРАТЯ БЪКСТОН №120",https://evideo.bg/pe202410/16.html#162205021
162205022,ГР.ПЛОВДИВ,"ГР.ПЛОВДИВ, МЕДИЦИНСКИ КОЛЕЖ УЛ.БРАТЯ БЪКСТОН №120",https://evideo.bg/pe202410/16.html#162205022
162205023,ГР.ПЛОВДИВ,"ГР.ПЛОВДИВ, МЕДИЦИНСКИ КОЛЕЖ УЛ.БРАТЯ БЪКСТОН №120",https://evideo.bg/pe202410/16.html#162205023
162205024,ГР.ПЛОВДИВ,"ГР.ПЛОВДИВ, ОУ ЯНЕ САНДАНСКИ УЛ.КИЧЕВО №2",https://evideo.bg/pe202410/16.html#162205024
162205025,ГР.ПЛОВДИВ,"ГР.ПЛОВДИВ, ОУ ЯНЕ САНДАНСКИ УЛ.КИЧЕВО №2",https://evideo.bg/pe202410/16.html#162205025
162205026,ГР.ПЛОВДИВ,"ГР.ПЛОВДИВ, ОУ ЯНЕ САНДАНСКИ УЛ.КИЧЕВО №2",https://evideo.bg/pe202410/16.html#162205026
162205027,ГР.ПЛОВДИВ,"ГР.ПЛОВДИВ, ОУ ЯНЕ САНДАНСКИ УЛ.КИЧЕВО №2",https://evideo.bg/pe202410/16.html#162205027
162205028,ГР.ПЛОВДИВ,"ГР.ПЛОВДИВ, ОУ ЯНЕ САНДАНСКИ УЛ.КИЧЕВО №2",https://evideo.bg/pe202410/16.html#162205028
162205029,ГР.ПЛОВДИВ,"ГР.ПЛОВДИВ, ОУ ЯНЕ САНДАНСКИ УЛ.КИЧЕВО №2",https://evideo.bg/pe202410/16.html#162205029
162205030,ГР.ПЛОВДИВ,"ГР.ПЛОВДИВ, ОУ ЯНЕ САНДАНСКИ УЛ.КИЧЕВО №2",https://evideo.bg/pe202410/16.html#162205030
162205031,ГР.ПЛОВДИВ,"ГР.ПЛОВДИВ, ОУ ЯНЕ САНДАНСКИ УЛ.КИЧЕВО №2",https://evideo.bg/pe202410/16.html#162205031
162205032,ГР.ПЛОВДИВ,"ГР.ПЛОВДИВ, СУ КОНСТАНТИН ВЕЛИЧКОВ УЛ.БУГАРИЕВО №28",https://evideo.bg/pe202410/16.html#162205032
162205033,ГР.ПЛОВДИВ,"ГР.ПЛОВДИВ, СУ КОНСТАНТИН ВЕЛИЧКОВ УЛ.БУГАРИЕВО №28",https://evideo.bg/pe202410/16.html#162205033
162205034,ГР.ПЛОВДИВ,"ГР.ПЛОВДИВ, СУ КОНСТАНТИН ВЕЛИЧКОВ УЛ.БУГАРИЕВО №28",https://evideo.bg/pe202410/16.html#162205034
162205035,ГР.ПЛОВДИВ,"ГР.ПЛОВДИВ, СУ КОНСТАНТИН ВЕЛИЧКОВ УЛ.БУГАРИЕВО №28",https://evideo.bg/pe202410/16.html#162205035
162205036,ГР.ПЛОВДИВ,"ГР.ПЛОВДИВ, СУ КОНСТАНТИН ВЕЛИЧКОВ УЛ.БУГАРИЕВО №28",https://evideo.bg/pe202410/16.html#162205036
162205037,ГР.ПЛОВДИВ,"ГР.ПЛОВДИВ, СУ КОНСТАНТИН ВЕЛИЧКОВ УЛ.БУГАРИЕВО №28",https://evideo.bg/pe202410/16.html#162205037
162205038,ГР.ПЛОВДИВ,"ГР.ПЛОВДИВ, СУ СВЕТИ КОНСТАНТИН КИРИЛ ФИЛОСОФ - МАЛКА СГРАДА УЛ. ЧОРЛУ №20",https://evideo.bg/pe202410/16.html#162205038
162205039,ГР.ПЛОВДИВ,"ГР.ПЛОВДИВ, СУ СВЕТИ КОНСТАНТИН КИРИЛ ФИЛОСОФ - МАЛКА СГРАДА УЛ. ЧОРЛУ №20",https://evideo.bg/pe202410/16.html#162205039
162205040,ГР.ПЛОВДИВ,"ГР.ПЛОВДИВ, СУ СВЕТИ КОНСТАНТИН КИРИЛ ФИЛОСОФ - МАЛКА СГРАДА УЛ. ЧОРЛУ №20",https://evideo.bg/pe202410/16.html#162205040
162205041,ГР.ПЛОВДИВ,"ГР.ПЛОВДИВ, СУ СВЕТИ КОНСТАНТИН КИРИЛ ФИЛОСОФ - МАЛКА СГРАДА УЛ. ЧОРЛУ №20",https://evideo.bg/pe202410/16.html#162205041
162205042,ГР.ПЛОВДИВ,"ГР.ПЛОВДИВ, СУ СВЕТИ КОНСТАНТИН КИРИЛ ФИЛОСОФ УЛ.ГЕОРГИ КОНДОЛОВ №44А",https://evideo.bg/pe202410/16.html#162205042
162205043,ГР.ПЛОВДИВ,"ГР.ПЛОВДИВ, СУ СВЕТИ КОНСТАНТИН КИРИЛ ФИЛОСОФ УЛ.ГЕОРГИ КОНДОЛОВ №44А",https://evideo.bg/pe202410/16.html#162205043
162205044,ГР.ПЛОВДИВ,"ГР.ПЛОВДИВ, СУ СВЕТИ КОНСТАНТИН КИРИЛ ФИЛОСОФ УЛ.ГЕОРГИ КОНДОЛОВ №44А",https://evideo.bg/pe202410/16.html#162205044
162205045,ГР.ПЛОВДИВ,"ГР.ПЛОВДИВ, СУ СВЕТИ КОНСТАНТИН КИРИЛ ФИЛОСОФ УЛ.ГЕОРГИ КОНДОЛОВ №44А",https://evideo.bg/pe202410/16.html#162205045
162205046,ГР.ПЛОВДИВ,"ГР.ПЛОВДИВ, СУ СВЕТИ КОНСТАНТИН КИРИЛ ФИЛОСОФ УЛ.ГЕОРГИ КОНДОЛОВ №44А",https://evideo.bg/pe202410/16.html#162205046
162205047,ГР.ПЛОВДИВ,"ГР.ПЛОВДИВ, СУ СВЕТИ КОНСТАНТИН КИРИЛ ФИЛОСОФ УЛ.ГЕОРГИ КОНДОЛОВ №44А",https://evideo.bg/pe202410/16.html#162205047
162205048,ГР.ПЛОВДИВ,"ГР.ПЛОВДИВ, СУ СВЕТИ КОНСТАНТИН КИРИЛ ФИЛОСОФ УЛ.ГЕОРГИ КОНДОЛОВ № 44А",https://evideo.bg/pe202410/16.html#162205048
162205049,ГР.ПЛОВДИВ,"ГР.ПЛОВДИВ, СУ СВЕТИ КОНСТАНТИН КИРИЛ ФИЛОСОФ УЛ.ГЕОРГИ КОНДОЛОВ № 44А",https://evideo.bg/pe202410/16.html#162205049
162205050,ГР.ПЛОВДИВ,"ГР.ПЛОВДИВ, СУ СВЕТИ КОНСТАНТИН КИРИЛ ФИЛОСОФ УЛ.ГЕОРГИ КОНДОЛОВ № 44А",https://evideo.bg/pe202410/16.html#162205050
162205051,ГР.ПЛОВДИВ,"ГР.ПЛОВДИВ, СУ СВЕТИ КОНСТАНТИН КИРИЛ ФИЛОСОФ УЛ.ГЕОРГИ КОНДОЛОВ № 44А",https://evideo.bg/pe202410/16.html#162205051
162205052,ГР.ПЛОВДИВ,"ГР.ПЛОВДИВ, СУ СВЕТИ КОНСТАНТИН КИРИЛ ФИЛОСОФ УЛ.ГЕОРГИ КОНДОЛОВ № 44А",https://evideo.bg/pe202410/16.html#162205052
162205053,ГР.ПЛОВДИВ,"ГР.ПЛОВДИВ, ОУ ДИМИТЪР ТАЛЕВ - ФИЗКУЛТУРЕН САЛОН УЛ.КУЗМАН ШАПКАРЕВ №1",https://evideo.bg/pe202410/16.html#162205053
162205054,ГР.ПЛОВДИВ,"ГР.ПЛОВДИВ, ОУ ДИМИТЪР ТАЛЕВ УЛ.КУЗМАН ШАПКАРЕВ №1",https://evideo.bg/pe202410/16.html#162205054
162205055,ГР.ПЛОВДИВ,"ГР.ПЛОВДИВ, ОУ ДИМИТЪР ТАЛЕВ УЛ.КУЗМАН ШАПКАРЕВ №1",https://evideo.bg/pe202410/16.html#162205055
162205056,ГР.ПЛОВДИВ,"ГР.ПЛОВДИВ, ОУ ДИМИТЪР ТАЛЕВ УЛ.КУЗМАН ШАПКАРЕВ №1",https://evideo.bg/pe202410/16.html#162205056
162205057,ГР.ПЛОВДИВ,"ГР.ПЛОВДИВ, ОУ ДИМИТЪР ТАЛЕВ УЛ.КУЗМАН ШАПКАРЕВ №1",https://evideo.bg/pe202410/16.html#162205057
162205058,ГР.ПЛОВДИВ,"ГР.ПЛОВДИВ, ОУ ДИМИТЪР ТАЛЕВ УЛ.КУЗМАН ШАПКАРЕВ №1",https://evideo.bg/pe202410/16.html#162205058
162205059,ГР.ПЛОВДИВ,"ГР.ПЛОВДИВ, ОУ ДИМИТЪР ТАЛЕВ УЛ.КУЗМАН ШАПКАРЕВ №1",https://evideo.bg/pe202410/16.html#162205059
162205060,ГР.ПЛОВДИВ,"ГР.ПЛОВДИВ, ОУ ДИМИТЪР ТАЛЕВ УЛ.КУЗМАН ШАПКАРЕВ №1",https://evideo.bg/pe202410/16.html#162205060
162205061,ГР.ПЛОВДИВ,"ГР.ПЛОВДИВ, ОУ ДИМИТЪР ТАЛЕВ УЛ.КУЗМАН ШАПКАРЕВ №1",https://evideo.bg/pe202410/16.html#162205061
162205062,ГР.ПЛОВДИВ,"ГР.ПЛОВДИВ, ОУ ДИМИТЪР ТАЛЕВ УЛ.КУЗМАН ШАПКАРЕВ №1",https://evideo.bg/pe202410/16.html#162205062
162205063,ГР.ПЛОВДИВ,"ГР.ПЛОВДИВ, ОУ ДИМИТЪР ТАЛЕВ УЛ.КУЗМАН ШАПКАРЕВ №1",https://evideo.bg/pe202410/16.html#162205063
162205064,ГР.ПЛОВДИВ,"ГР.ПЛОВДИВ, ОУ ДИМИТЪР ТАЛЕВ УЛ.КУЗМАН ШАПКАРЕВ №1",https://evideo.bg/pe202410/16.html#162205064
162205065,ГР.ПЛОВДИВ,"ГР.ПЛОВДИВ, ОУ ДИМИТЪР ТАЛЕВ УЛ.КУЗМАН ШАПКАРЕВ №1",https://evideo.bg/pe202410/16.html#162205065
162205066,ГР.ПЛОВДИВ,"ГР.ПЛОВДИВ, ОУ ДИМИТЪР ТАЛЕВ УЛ.КУЗМАН ШАПКАРЕВ №1",https://evideo.bg/pe202410/16.html#162205066
162205067,ГР.ПЛОВДИВ,"ГР.ПЛОВДИВ, ОУ ДИМИТЪР ТАЛЕВ УЛ.КУЗМАН ШАПКАРЕВ №1",https://evideo.bg/pe202410/16.html#162205067
162205068,ГР.ПЛОВДИВ,"ГР.ПЛОВДИВ, ОУ ДИМИТЪР ТАЛЕВ УЛ.КУЗМАН ШАПКАРЕВ №1",https://evideo.bg/pe202410/16.html#162205068
162205069,ГР.ПЛОВДИВ,"ГР.ПЛОВДИВ, ОУ ДИМИТЪР ТАЛЕВ УЛ.КУЗМАН ШАПКАРЕВ №1",https://evideo.bg/pe202410/16.html#162205069
162205070,ГР.ПЛОВДИВ,"ГР.ПЛОВДИВ, ОУ ДИМИТЪР ТАЛЕВ УЛ.КУЗМАН ШАПКАРЕВ №1",https://evideo.bg/pe202410/16.html#162205070
162205071,ГР.ПЛОВДИВ,"ГР.ПЛОВДИВ, ОУ СТОЯН МИХАЙЛОВСКИ УЛ.КОНСТАНТИН ГЕРОВ №45",https://evideo.bg/pe202410/16.html#162205071
162205072,ГР.ПЛОВДИВ,"ГР.ПЛОВДИВ, ОУ СТОЯН МИХАЙЛОВСКИ УЛ.КОНСТАНТИН ГЕРОВ №45",https://evideo.bg/pe202410/16.html#162205072
162205073,ГР.ПЛОВДИВ,"ГР.ПЛОВДИВ, ОУ СТОЯН МИХАЙЛОВСКИ УЛ.КОНСТАНТИН ГЕРОВ №45",https://evideo.bg/pe202410/16.html#162205073
162205074,ГР.ПЛОВДИВ,"ГР.ПЛОВДИВ, ОУ СТОЯН МИХАЙЛОВСКИ УЛ.КОНСТАНТИН ГЕРОВ №45",https://evideo.bg/pe202410/16.html#162205074
162205075,ГР.ПЛОВДИВ,"ГР.ПЛОВДИВ, ОУ СТОЯН МИХАЙЛОВСКИ УЛ.КОНСТАНТИН ГЕРОВ №45",https://evideo.bg/pe202410/16.html#162205075
162205076,ГР.ПЛОВДИВ,"ГР.ПЛОВДИВ, ОУ СТОЯН МИХАЙЛОВСКИ УЛ.КОНСТАНТИН ГЕРОВ №45",https://evideo.bg/pe202410/16.html#162205076
162205077,ГР.ПЛОВДИВ,"ГР.ПЛОВДИВ, ОУ СТОЯН МИХАЙЛОВСКИ УЛ.КОНСТАНТИН ГЕРОВ №45",https://evideo.bg/pe202410/16.html#162205077
162205078,ГР.ПЛОВДИВ,"ГР.ПЛОВДИВ, ОУ СТОЯН МИХАЙЛОВСКИ УЛ.КОНСТАНТИН ГЕРОВ №45",https://evideo.bg/pe202410/16.html#162205078
162205079,ГР.ПЛОВДИВ,"ГР.ПЛОВДИВ, ОУ СТОЯН МИХАЙЛОВСКИ УЛ.КОНСТАНТИН ГЕРОВ №45",https://evideo.bg/pe202410/16.html#162205079
162205080,ГР.ПЛОВДИВ,"ГР.ПЛОВДИВ, ОУ СТОЯН МИХАЙЛОВСКИ УЛ.КОНСТАНТИН ГЕРОВ №45",https://evideo.bg/pe202410/16.html#162205080
162205081,ГР.ПЛОВДИВ,"ГР.ПЛОВДИВ, ОУ СТОЯН МИХАЙЛОВСКИ УЛ.КОНСТАНТИН ГЕРОВ №45",https://evideo.bg/pe202410/16.html#162205081
162205082,ГР.ПЛОВДИВ,"ГР.ПЛОВДИВ, ОУ СТОЯН МИХАЙЛОВСКИ УЛ.КОНСТАНТИН ГЕРОВ №45",https://evideo.bg/pe202410/16.html#162205082
162205083,ГР.ПЛОВДИВ,"ГР.ПЛОВДИВ, ОУ СТОЯН МИХАЙЛОВСКИ УЛ.КОНСТАНТИН ГЕРОВ №45",https://evideo.bg/pe202410/16.html#162205083
162205084,ГР.ПЛОВДИВ,"ГР.ПЛОВДИВ, ОУ СТОЯН МИХАЙЛОВСКИ УЛ.КОНСТАНТИН ГЕРОВ №45",https://evideo.bg/pe202410/16.html#162205084
162205085,ГР.ПЛОВДИВ,"ГР.ПЛОВДИВ, ОУ СТОЯН МИХАЙЛОВСКИ УЛ.КОНСТАНТИН ГЕРОВ №45",https://evideo.bg/pe202410/16.html#162205085
162205086,ГР.ПЛОВДИВ,"ГР.ПЛОВДИВ, ДОМ ЗА СТАРИ ХОРА СВЕТИ ВАСИЛИЙ ВЕЛИКИ УЛ.КОМАТЕВСКО ШОСЕ №28",https://evideo.bg/pe202410/16.html#162205086
162205087,ГР.ПЛОВДИВ,"ГР.ПЛОВДИВ, ДОМ ЗА СТАРИ ХОРА СВЕТИ ВАСИЛИЙ ВЕЛИКИ УЛ.КОМАТЕВСКО ШОСЕ №28",https://evideo.bg/pe202410/16.html#162205087
162205088,ГР.ПЛОВДИВ,"ГР.ПЛОВДИВ, ОУ ЗАХАРИ СТОЯНОВ - КОМАТЕВО УЛ.КОМАТЕВСКО ШОСЕ №137",https://evideo.bg/pe202410/16.html#162205088
162205089,ГР.ПЛОВДИВ,"ГР.ПЛОВДИВ, ОУ ЗАХАРИ СТОЯНОВ - КОМАТЕВО УЛ.КОМАТЕВСКО ШОСЕ №137",https://evideo.bg/pe202410/16.html#162205089
162205090,ГР.ПЛОВДИВ,"ГР.ПЛОВДИВ, ОУ ЗАХАРИ СТОЯНОВ - КОМАТЕВО УЛ.КОМАТЕВСКО ШОСЕ №137",https://evideo.bg/pe202410/16.html#162205090
162205091,ГР.ПЛОВДИВ,"ГР.ПЛОВДИВ, ОУ ЗАХАРИ СТОЯНОВ - КОМАТЕВО УЛ.КОМАТЕВСКО ШОСЕ №137",https://evideo.bg/pe202410/16.html#162205091
162205092,ГР.ПЛОВДИВ,"ГР.ПЛОВДИВ, ОУ ЗАХАРИ СТОЯНОВ - КОМАТЕВО УЛ.КОМАТЕВСКО ШОСЕ №137",https://evideo.bg/pe202410/16.html#162205092
162205093,ГР.ПЛОВДИВ,"ГР.ПЛОВДИВ, ОУ ЗАХАРИ СТОЯНОВ - КОМАТЕВО УЛ.КОМАТЕВСКО ШОСЕ №137",https://evideo.bg/pe202410/16.html#162205093
162205094,ГР.ПЛОВДИВ,"ГР.ПЛОВДИВ, ОУ ЗАХАРИ СТОЯНОВ - КОМАТЕВО УЛ.КОМАТЕВСКО ШОСЕ №137",https://evideo.bg/pe202410/16.html#162205094
162205095,ГР.ПЛОВДИВ,"ГР.ПЛОВДИВ, ОУ ЗАХАРИ СТОЯНОВ - КОМАТЕВО УЛ.КОМАТЕВСКО ШОСЕ №137",https://evideo.bg/pe202410/16.html#162205095
162206001,ГР.ПЛОВДИВ,"ГР.ПЛОВДИВ, СУ ЧЕРНОРИЗЕЦ ХРАБЪР ЖК ТРАКИЯ, УЛ.СЪЕДИНЕНИЕ № 9",https://evideo.bg/pe202410/16.html#162206001
162206002,ГР.ПЛОВДИВ,"ГР.ПЛОВДИВ, СУ ЧЕРНОРИЗЕЦ ХРАБЪР ЖК ТРАКИЯ, УЛ.СЪЕДИНЕНИЕ № 9",https://evideo.bg/pe202410/16.html#162206002
162206003,ГР.ПЛОВДИВ,"ГР.ПЛОВДИВ, СУ ЧЕРНОРИЗЕЦ ХРАБЪР ЖК ТРАКИЯ, УЛ.СЪЕДИНЕНИЕ № 9",https://evideo.bg/pe202410/16.html#162206003
162206004,ГР.ПЛОВДИВ,"ГР.ПЛОВДИВ, СУ ЧЕРНОРИЗЕЦ ХРАБЪР ЖК ТРАКИЯ, УЛ.СЪЕДИНЕНИЕ № 9",https://evideo.bg/pe202410/16.html#162206004
162206005,ГР.ПЛОВДИВ,"ГР.ПЛОВДИВ, СУ ЧЕРНОРИЗЕЦ ХРАБЪР ЖК ТРАКИЯ, УЛ.СЪЕДИНЕНИЕ № 9",https://evideo.bg/pe202410/16.html#162206005
162206006,ГР.ПЛОВДИВ,"ГР.ПЛОВДИВ, СУ ЧЕРНОРИЗЕЦ ХРАБЪР ЖК ТРАКИЯ, УЛ.СЪЕДИНЕНИЕ № 9",https://evideo.bg/pe202410/16.html#162206006
162206007,ГР.ПЛОВДИВ,"ГР.ПЛОВДИВ, СУ ЧЕРНОРИЗЕЦ ХРАБЪР ЖК ТРАКИЯ, УЛ.СЪЕДИНЕНИЕ № 9",https://evideo.bg/pe202410/16.html#162206007
162206008,ГР.ПЛОВДИВ,"ГР.ПЛОВДИВ, СУ ЧЕРНОРИЗЕЦ ХРАБЪР ЖК ТРАКИЯ, УЛ.СЪЕДИНЕНИЕ № 9",https://evideo.bg/pe202410/16.html#162206008
162206009,ГР.ПЛОВДИВ,"ГР.ПЛОВДИВ, СУ ЧЕРНОРИЗЕЦ ХРАБЪР ЖК ТРАКИЯ, УЛ.СЪЕДИНЕНИЕ № 9",https://evideo.bg/pe202410/16.html#162206009
162206010,ГР.ПЛОВДИВ,"ГР.ПЛОВДИВ, СУ ЧЕРНОРИЗЕЦ ХРАБЪР ЖК ТРАКИЯ, УЛ.СЪЕДИНЕНИЕ № 9",https://evideo.bg/pe202410/16.html#162206010
162206011,ГР.ПЛОВДИВ,"ГР.ПЛОВДИВ, СУ ЧЕРНОРИЗЕЦ ХРАБЪР ЖК ТРАКИЯ, УЛ.СЪЕДИНЕНИЕ № 9",https://evideo.bg/pe202410/16.html#162206011
162206012,ГР.ПЛОВДИВ,"ГР.ПЛОВДИВ, СУ ЧЕРНОРИЗЕЦ ХРАБЪР ЖК ТРАКИЯ, УЛ.СЪЕДИНЕНИЕ № 9",https://evideo.bg/pe202410/16.html#162206012
162206013,ГР.ПЛОВДИВ,"ГР.ПЛОВДИВ, СУ ЧЕРНОРИЗЕЦ ХРАБЪР ЖК ТРАКИЯ, УЛ.СЪЕДИНЕНИЕ № 9",https://evideo.bg/pe202410/16.html#162206013
162206014,ГР.ПЛОВДИВ,"ГР.ПЛОВДИВ, СУ ЧЕРНОРИЗЕЦ ХРАБЪР ЖК ТРАКИЯ, УЛ.СЪЕДИНЕНИЕ № 9",https://evideo.bg/pe202410/16.html#162206014
162206015,ГР.ПЛОВДИВ,"ГР.ПЛОВДИВ, СУ ЧЕРНОРИЗЕЦ ХРАБЪР ЖК ТРАКИЯ, УЛ.СЪЕДИНЕНИЕ № 9",https://evideo.bg/pe202410/16.html#162206015
162206016,ГР.ПЛОВДИВ,"ГР.ПЛОВДИВ, СУ ЧЕРНОРИЗЕЦ ХРАБЪР ЖК ТРАКИЯ, УЛ.СЪЕДИНЕНИЕ № 9",https://evideo.bg/pe202410/16.html#162206016
162206017,ГР.ПЛОВДИВ,"ГР.ПЛОВДИВ, СУ ЧЕРНОРИЗЕЦ ХРАБЪР ЖК ТРАКИЯ, УЛ.СЪЕДИНЕНИЕ № 9",https://evideo.bg/pe202410/16.html#162206017
162206018,ГР.ПЛОВДИВ,"ГР.ПЛОВДИВ, СУ ЧЕРНОРИЗЕЦ ХРАБЪР ЖК ТРАКИЯ, УЛ.СЪЕДИНЕНИЕ № 9",https://evideo.bg/pe202410/16.html#162206018
162206019,ГР.ПЛОВДИВ,"ГР.ПЛОВДИВ, СУ ЧЕРНОРИЗЕЦ ХРАБЪР ЖК ТРАКИЯ, УЛ.СЪЕДИНЕНИЕ № 9",https://evideo.bg/pe202410/16.html#162206019
162206020,ГР.ПЛОВДИВ,"ГР.ПЛОВДИВ, СУ ЧЕРНОРИЗЕЦ ХРАБЪР ЖК ТРАКИЯ, УЛ.СЪЕДИНЕНИЕ № 9",https://evideo.bg/pe202410/16.html#162206020
162206021,ГР.ПЛОВДИВ,"ГР.ПЛОВДИВ, СУ ДИМИТЪР МАТЕВСКИ ЖК ТРАКИЯ, УЛ.СЪЕДИНЕНИЕ № 26",https://evideo.bg/pe202410/16.html#162206021
162206022,ГР.ПЛОВДИВ,"ГР.ПЛОВДИВ, СУ ДИМИТЪР МАТЕВСКИ ЖК ТРАКИЯ, УЛ.СЪЕДИНЕНИЕ № 26",https://evideo.bg/pe202410/16.html#162206022
162206023,ГР.ПЛОВДИВ,"ГР.ПЛОВДИВ, СУ ДИМИТЪР МАТЕВСКИ ЖК ТРАКИЯ, УЛ.СЪЕДИНЕНИЕ № 26",https://evideo.bg/pe202410/16.html#162206023
162206024,ГР.ПЛОВДИВ,"ГР.ПЛОВДИВ, СУ ДИМИТЪР МАТЕВСКИ ЖК ТРАКИЯ, УЛ.СЪЕДИНЕНИЕ № 26",https://evideo.bg/pe202410/16.html#162206024
162206025,ГР.ПЛОВДИВ,"ГР.ПЛОВДИВ, СУ ДИМИТЪР МАТЕВСКИ ЖК ТРАКИЯ, УЛ.СЪЕДИНЕНИЕ № 26",https://evideo.bg/pe202410/16.html#162206025
162206026,ГР.ПЛОВДИВ,"ГР.ПЛОВДИВ, СУ ДИМИТЪР МАТЕВСКИ ЖК ТРАКИЯ, УЛ.СЪЕДИНЕНИЕ № 26",https://evideo.bg/pe202410/16.html#162206026
162206027,ГР.ПЛОВДИВ,"ГР.ПЛОВДИВ, СУ ДИМИТЪР МАТЕВСКИ ЖК ТРАКИЯ, УЛ.СЪЕДИНЕНИЕ № 26",https://evideo.bg/pe202410/16.html#162206027
162206028,ГР.ПЛОВДИВ,"ГР.ПЛОВДИВ, СУ ДИМИТЪР МАТЕВСКИ ЖК ТРАКИЯ, УЛ.СЪЕДИНЕНИЕ № 26",https://evideo.bg/pe202410/16.html#162206028
162206029,ГР.ПЛОВДИВ,"ГР.ПЛОВДИВ, СУ ДИМИТЪР МАТЕВСКИ ЖК ТРАКИЯ, УЛ.СЪЕДИНЕНИЕ № 26",https://evideo.bg/pe202410/16.html#162206029
162206030,ГР.ПЛОВДИВ,"ГР.ПЛОВДИВ, СУ ДИМИТЪР МАТЕВСКИ ЖК ТРАКИЯ, УЛ.СЪЕДИНЕНИЕ № 26",https://evideo.bg/pe202410/16.html#162206030
162206031,ГР.ПЛОВДИВ,"ГР.ПЛОВДИВ, СУ ДИМИТЪР МАТЕВСКИ ЖК ТРАКИЯ, УЛ.СЪЕДИНЕНИЕ № 26",https://evideo.bg/pe202410/16.html#162206031
162206032,ГР.ПЛОВДИВ,"ГР.ПЛОВДИВ, СУ ДИМИТЪР МАТЕВСКИ ЖК ТРАКИЯ, УЛ.СЪЕДИНЕНИЕ № 26",https://evideo.bg/pe202410/16.html#162206032
162206033,ГР.ПЛОВДИВ,"ГР.ПЛОВДИВ, СУ ДИМИТЪР МАТЕВСКИ ЖК ТРАКИЯ, УЛ.СЪЕДИНЕНИЕ № 26",https://evideo.bg/pe202410/16.html#162206033
162206034,ГР.ПЛОВДИВ,"ГР.ПЛОВДИВ, СУ ДИМИТЪР МАТЕВСКИ ЖК ТРАКИЯ, УЛ.СЪЕДИНЕНИЕ № 26",https://evideo.bg/pe202410/16.html#162206034
162206035,ГР.ПЛОВДИВ,"ГР.ПЛОВДИВ, СУ ДИМИТЪР МАТЕВСКИ ЖК ТРАКИЯ, УЛ.СЪЕДИНЕНИЕ № 26",https://evideo.bg/pe202410/16.html#162206035
162206036,ГР.ПЛОВДИВ,"ГР.ПЛОВДИВ, СУ ДИМИТЪР МАТЕВСКИ ЖК ТРАКИЯ, УЛ.СЪЕДИНЕНИЕ № 26",https://evideo.bg/pe202410/16.html#162206036
162206037,ГР.ПЛОВДИВ,"ГР.ПЛОВДИВ, СУ СВ.СОФРОНИЙ ВРАЧАНСКИ ЖК ТРАКИЯ, УЛ.СЪЕДИНЕНИЕ № 53",https://evideo.bg/pe202410/16.html#162206037
162206038,ГР.ПЛОВДИВ,"ГР.ПЛОВДИВ, СУ СВ.СОФРОНИЙ ВРАЧАНСКИ ЖК ТРАКИЯ, УЛ.СЪЕДИНЕНИЕ № 53",https://evideo.bg/pe202410/16.html#162206038
162206039,ГР.ПЛОВДИВ,"ГР.ПЛОВДИВ, СУ СВ.СОФРОНИЙ ВРАЧАНСКИ ЖК ТРАКИЯ, УЛ.СЪЕДИНЕНИЕ № 53",https://evideo.bg/pe202410/16.html#162206039
162206040,ГР.ПЛОВДИВ,"ГР.ПЛОВДИВ, СУ СВ.СОФРОНИЙ ВРАЧАНСКИ ЖК ТРАКИЯ, УЛ.СЪЕДИНЕНИЕ № 53",https://evideo.bg/pe202410/16.html#162206040
162206041,ГР.ПЛОВДИВ,"ГР.ПЛОВДИВ, СУ СВ.СОФРОНИЙ ВРАЧАНСКИ ЖК ТРАКИЯ, УЛ.СЪЕДИНЕНИЕ № 53",https://evideo.bg/pe202410/16.html#162206041
162206042,ГР.ПЛОВДИВ,"ГР.ПЛОВДИВ, СУ СВ.СОФРОНИЙ ВРАЧАНСКИ ЖК ТРАКИЯ, УЛ.СЪЕДИНЕНИЕ № 53",https://evideo.bg/pe202410/16.html#162206042
162206043,ГР.ПЛОВДИВ,"ГР.ПЛОВДИВ, СУ СВ.СОФРОНИЙ ВРАЧАНСКИ ЖК ТРАКИЯ, УЛ.СЪЕДИНЕНИЕ № 53",https://evideo.bg/pe202410/16.html#162206043
162206044,ГР.ПЛОВДИВ,"ГР.ПЛОВДИВ, СУ СВ.СОФРОНИЙ ВРАЧАНСКИ ЖК ТРАКИЯ, УЛ.СЪЕДИНЕНИЕ № 53",https://evideo.bg/pe202410/16.html#162206044
162206045,ГР.ПЛОВДИВ,"ГР.ПЛОВДИВ, СУ СВ.СОФРОНИЙ ВРАЧАНСКИ ЖК ТРАКИЯ, УЛ.СЪЕДИНЕНИЕ № 53",https://evideo.bg/pe202410/16.html#162206045
162206046,ГР.ПЛОВДИВ,"ГР.ПЛОВДИВ, СУ СВ.СОФРОНИЙ ВРАЧАНСКИ ЖК ТРАКИЯ, УЛ.СЪЕДИНЕНИЕ № 53",https://evideo.bg/pe202410/16.html#162206046
162206047,ГР.ПЛОВДИВ,"ГР.ПЛОВДИВ, СУ СВ.СОФРОНИЙ ВРАЧАНСКИ ЖК ТРАКИЯ, УЛ.СЪЕДИНЕНИЕ № 53",https://evideo.bg/pe202410/16.html#162206047
162206048,ГР.ПЛОВДИВ,"ГР.ПЛОВДИВ, СУ СВ.СОФРОНИЙ ВРАЧАНСКИ ЖК ТРАКИЯ, УЛ.СЪЕДИНЕНИЕ № 53",https://evideo.bg/pe202410/16.html#162206048
162206049,ГР.ПЛОВДИВ,"ГР.ПЛОВДИВ, СУ СВ.СОФРОНИЙ ВРАЧАНСКИ ЖК ТРАКИЯ, УЛ.СЪЕДИНЕНИЕ № 53",https://evideo.bg/pe202410/16.html#162206049
162206050,ГР.ПЛОВДИВ,"ГР.ПЛОВДИВ, СУ СВ.СОФРОНИЙ ВРАЧАНСКИ ЖК ТРАКИЯ, УЛ.СЪЕДИНЕНИЕ № 53",https://evideo.bg/pe202410/16.html#162206050
162206051,ГР.ПЛОВДИВ,"ГР.ПЛОВДИВ, СУ СВ.СОФРОНИЙ ВРАЧАНСКИ ЖК ТРАКИЯ, УЛ.СЪЕДИНЕНИЕ № 53",https://evideo.bg/pe202410/16.html#162206051
162206052,ГР.ПЛОВДИВ,"ГР.ПЛОВДИВ, СУ СВ.СОФРОНИЙ ВРАЧАНСКИ ЖК ТРАКИЯ, УЛ.СЪЕДИНЕНИЕ № 53",https://evideo.bg/pe202410/16.html#162206052
162206053,ГР.ПЛОВДИВ,"ГР.ПЛОВДИВ, СУ СВ.СОФРОНИЙ ВРАЧАНСКИ ЖК ТРАКИЯ, УЛ.СЪЕДИНЕНИЕ № 53",https://evideo.bg/pe202410/16.html#162206053
162206054,ГР.ПЛОВДИВ,"ГР.ПЛОВДИВ, СУ СВ.СОФРОНИЙ ВРАЧАНСКИ ЖК ТРАКИЯ, УЛ.СЪЕДИНЕНИЕ № 53",https://evideo.bg/pe202410/16.html#162206054
162206055,ГР.ПЛОВДИВ,"ГР.ПЛОВДИВ, СУ СВЕТИ СЕДМОЧИСЛЕНИЦИ ЖК ТРАКИЯ, УЛ.СЪЕДИНЕНИЕ № 81",https://evideo.bg/pe202410/16.html#162206055
162206056,ГР.ПЛОВДИВ,"ГР.ПЛОВДИВ, СУ СВЕТИ СЕДМОЧИСЛЕНИЦИ ЖК ТРАКИЯ, УЛ.СЪЕДИНЕНИЕ № 81",https://evideo.bg/pe202410/16.html#162206056
162206057,ГР.ПЛОВДИВ,"ГР.ПЛОВДИВ, СУ СВЕТИ СЕДМОЧИСЛЕНИЦИ ЖК ТРАКИЯ, УЛ.СЪЕДИНЕНИЕ № 81",https://evideo.bg/pe202410/16.html#162206057
162206058,ГР.ПЛОВДИВ,"ГР.ПЛОВДИВ, СУ СВЕТИ СЕДМОЧИСЛЕНИЦИ ЖК ТРАКИЯ, УЛ.СЪЕДИНЕНИЕ № 81",https://evideo.bg/pe202410/16.html#162206058
162206059,ГР.ПЛОВДИВ,"ГР.ПЛОВДИВ, СУ СВЕТИ СЕДМОЧИСЛЕНИЦИ ЖК ТРАКИЯ, УЛ.СЪЕДИНЕНИЕ № 81",https://evideo.bg/pe202410/16.html#162206059
162206060,ГР.ПЛОВДИВ,"ГР.ПЛОВДИВ, СУ СВЕТИ СЕДМОЧИСЛЕНИЦИ ЖК ТРАКИЯ, УЛ.СЪЕДИНЕНИЕ № 81",https://evideo.bg/pe202410/16.html#162206060
162206061,ГР.ПЛОВДИВ,"ГР.ПЛОВДИВ, СУ СВЕТИ СЕДМОЧИСЛЕНИЦИ ЖК ТРАКИЯ, УЛ.СЪЕДИНЕНИЕ № 81",https://evideo.bg/pe202410/16.html#162206061
162206062,ГР.ПЛОВДИВ,"ГР.ПЛОВДИВ, СУ СВЕТИ СЕДМОЧИСЛЕНИЦИ ЖК ТРАКИЯ, УЛ.СЪЕДИНЕНИЕ № 81",https://evideo.bg/pe202410/16.html#162206062
162206063,ГР.ПЛОВДИВ,"ГР.ПЛОВДИВ, СУ СВЕТИ СЕДМОЧИСЛЕНИЦИ ЖК ТРАКИЯ, УЛ.СЪЕДИНЕНИЕ № 81",https://evideo.bg/pe202410/16.html#162206063
162206064,ГР.ПЛОВДИВ,"ГР.ПЛОВДИВ, СУ СВЕТИ СЕДМОЧИСЛЕНИЦИ ЖК ТРАКИЯ, УЛ.СЪЕДИНЕНИЕ № 81",https://evideo.bg/pe202410/16.html#162206064
162206065,ГР.ПЛОВДИВ,"ГР.ПЛОВДИВ, СУ СВЕТИ СЕДМОЧИСЛЕНИЦИ ЖК ТРАКИЯ, УЛ.СЪЕДИНЕНИЕ № 81",https://evideo.bg/pe202410/16.html#162206065
162206066,ГР.ПЛОВДИВ,"ГР.ПЛОВДИВ, СУ СВЕТИ СЕДМОЧИСЛЕНИЦИ ЖК ТРАКИЯ, УЛ.СЪЕДИНЕНИЕ № 81",https://evideo.bg/pe202410/16.html#162206066
162206067,ГР.ПЛОВДИВ,"ГР.ПЛОВДИВ, СУ СВЕТИ СЕДМОЧИСЛЕНИЦИ ЖК ТРАКИЯ, УЛ.СЪЕДИНЕНИЕ № 81",https://evideo.bg/pe202410/16.html#162206067
162206068,ГР.ПЛОВДИВ,"ГР.ПЛОВДИВ, СУ СВЕТИ СЕДМОЧИСЛЕНИЦИ ЖК ТРАКИЯ, УЛ.СЪЕДИНЕНИЕ № 81",https://evideo.bg/pe202410/16.html#162206068
162206069,ГР.ПЛОВДИВ,"ГР.ПЛОВДИВ, СУ СВЕТИ СЕДМОЧИСЛЕНИЦИ ЖК ТРАКИЯ, УЛ.СЪЕДИНЕНИЕ № 81",https://evideo.bg/pe202410/16.html#162206069
162206070,ГР.ПЛОВДИВ,"ГР.ПЛОВДИВ, СУ СВЕТИ СЕДМОЧИСЛЕНИЦИ ЖК ТРАКИЯ, УЛ.СЪЕДИНЕНИЕ № 81",https://evideo.bg/pe202410/16.html#162206070
162206071,ГР.ПЛОВДИВ,"ГР.ПЛОВДИВ, СУ СВЕТИ СЕДМОЧИСЛЕНИЦИ ЖК ТРАКИЯ, УЛ.СЪЕДИНЕНИЕ № 81",https://evideo.bg/pe202410/16.html#162206071
162206072,ГР.ПЛОВДИВ,"ГР.ПЛОВДИВ, СУ СВЕТИ СЕДМОЧИСЛЕНИЦИ ЖК ТРАКИЯ, УЛ.СЪЕДИНЕНИЕ № 81",https://evideo.bg/pe202410/16.html#162206072
162206073,ГР.ПЛОВДИВ,"ГР.ПЛОВДИВ, СУ СВЕТИ СЕДМОЧИСЛЕНИЦИ ЖК ТРАКИЯ, УЛ.СЪЕДИНЕНИЕ № 81",https://evideo.bg/pe202410/16.html#162206073
162206074,ГР.ПЛОВДИВ,"ГР.ПЛОВДИВ, КСУ ""СВ. ГЕОРГИ"", БУЛ.ЦАРИГРАДСКО ШОСЕ № 102",https://evideo.bg/pe202410/16.html#162206074