,town,address,video
310300001,ГР.БОЛЯРОВО,"ГР.БОЛЯРОВО, ПРОФСЪЮЗЕН ДОМ, ПЛ.""ДЕВЕТИ СЕПТЕМВРИ"" №3",https://evideo.bg/pe202410/31.html#310300001
310300002,ГР.БОЛЯРОВО,"ГР.БОЛЯРОВО, СУ""Д-Р П.БЕРОН"", УЛ.""ВАСИЛ ЛЕВСКИ""№8А",https://evideo.bg/pe202410/31.html#310300002
310300003,С.РУЖИЦА,"С.РУЖИЦА, КЛУБ НА СЪВЕТНИКА, УЛ.""ГЕО МИЛЕВ"" №1",https://evideo.bg/pe202410/31.html#310300003
310300004,С.ВЪЛЧИ ИЗВОР,"С.ВЪЛЧИ ИЗВОР, УЧИЛИЩЕ, УЛ.""ГЕОРГИ ДИМИТРОВ""№3",https://evideo.bg/pe202410/31.html#310300004
310300005,С.ГОРСКА ПОЛЯНА,"С.ГОРСКА ПОЛЯНА, МЛАДЕЖКИ КЛУБ, УЛ.""ДЕВЕТИ СЕПТЕМВРИ"" №1",https://evideo.bg/pe202410/31.html#310300005
310300006,С.ГОЛЯМО КРУШЕВО,"С.ГОЛЯМО КРУШЕВО, СЕЛСКИ КЛУБ, УЛ.""ПЕНЬО ПЕНЕВ"" №31",https://evideo.bg/pe202410/31.html#310300006
310300007,С.СТЕФАН КАРАДЖОВО,"С.СТЕФАН КАРАДЖОВО, ЧИТАЛИЩЕ, УЛ.""СТЕФАН КАРАДЖА"" №28",https://evideo.bg/pe202410/31.html#310300007
310300008,С.ДЕННИЦА,"С.ДЕННИЦА, ЧИТАЛИЩЕ, УЛ.""ЮРИЙ ГАГАРИН"" №7",https://evideo.bg/pe202410/31.html#310300008
310300009,С.ОМАН,"С.ОМАН, КЛУБ НА ПЕНСИОНЕРА, УЛ.""АТАНАС ПРЕМЯНОВ"" №1",https://evideo.bg/pe202410/31.html#310300009
310300010,С.КАМЕН ВРЪХ,"С.КАМЕН ВРЪХ, СЕЛСКИ КЛУБ, УЛ.""ПИРИН"" №25А",https://evideo.bg/pe202410/31.html#310300010
310300011,С.ДЪБОВО,"С.ДЪБОВО, АДМИНИСТРАТИВНА СГРАДА НА КМЕТСТВОТО, УЛ.""РИЛА"" №6",https://evideo.bg/pe202410/31.html#310300011
310300012,С.ПОПОВО,"С.ПОПОВО, КЛУБ НА ПЕНСИОНЕРА , УЛ.""ГЕОРГИ ДИМИТРОВ""№10А",https://evideo.bg/pe202410/31.html#310300012
310300013,С.ЗЛАТИНИЦА,"С.ЗЛАТИНИЦА, АДМИНИСТРАТИВНА СГРАДА НА КМЕТСТВОТО, УЛ.""Г.ДИМИТРОВ"" №16",https://evideo.bg/pe202410/31.html#310300013
310300014,С.МАМАРЧЕВО,"С.МАМАРЧЕВО, ЧИТАЛИЩЕ, УЛ.""ГЕОРГИ МАМАРЧЕВ""№1",https://evideo.bg/pe202410/31.html#310300014
310300015,С.МАЛКО ШАРКОВО,"С.МАЛКО ШАРКОВО, СЕЛСКИ КЛУБ, УЛ.""Д.БЛАГОЕВ"" №23",https://evideo.bg/pe202410/31.html#310300015
310300016,С.ШАРКОВО,"С.ШАРКОВО, КЛУБ НА ПЕНСИОНЕРА, УЛ.""АТАНАС АНГЕЛОВ"" №1",https://evideo.bg/pe202410/31.html#310300016
310300017,С.СИТОВО,"С.СИТОВО, СЕЛСКИ КЛУБ, УЛ.""БЯЛО МОРЕ"" №1 /ГЛАСУВАТ И ИЗБИРАТЕЛИ НА С. ИГЛИКА/",https://evideo.bg/pe202410/31.html#310300017
310300018,С.КРАЙНОВО,"С.КРАЙНОВО, УЧИЛИЩЕ, УЛ.""ПИРИН"" №25",https://evideo.bg/pe202410/31.html#310300018
310300019,С.ВОДЕН,"С.ВОДЕН, ФОАЙЕТО НА ЧИТАЛИЩЕ - УЛ. „Н. ПЕХЛИВАНОВ“ №69",https://evideo.bg/pe202410/31.html#310300019
310300020,С.СТРАНДЖА,"С.СТРАНДЖА, ЧИТАЛИЩЕ, УЛ.""КИРИЛ И МЕТОДИЙ"" №1",https://evideo.bg/pe202410/31.html#310300020
310700001,ГР.ЕЛХОВО,"ГР.ЕЛХОВО, ЧИТАЛИЩЕ ""РАЗВИТИЕ"", УЛ.""Г.С.РАКОВСКИ""№28",https://evideo.bg/pe202410/31.html#310700001
310700002,ГР.ЕЛХОВО,"ГР.ЕЛХОВО, КЛУБ, УЛ.""ХРИСТО БОТЕВ"" №""4",https://evideo.bg/pe202410/31.html#310700002
310700003,ГР.ЕЛХОВО,"ГР.ЕЛХОВО, ЧИТАЛИЩЕ ""РАЗВИТИЕ"", УЛ.""Г.С.РАКОВСКИ""№28",https://evideo.bg/pe202410/31.html#310700003
310700004,ГР.ЕЛХОВО,"ГР.ЕЛХОВО, ОУ""СВ.СВ.КИРИЛ И МЕТОДИЙ"", УЛ.""АЛ.СТАМБОЛИЙСКИ""№36",https://evideo.bg/pe202410/31.html#310700004
310700005,ГР.ЕЛХОВО,"ГР.ЕЛХОВО, КЛУБ НА ПЕНСИОНЕРА, УЛ.""ТЪРГОВСКА"" №61",https://evideo.bg/pe202410/31.html#310700005
310700006,ГР.ЕЛХОВО,"ГР.ЕЛХОВО, КЛУБ, УЛ.""АЛ.СТАМБОЛИЙСКИ""№66",https://evideo.bg/pe202410/31.html#310700006
310700007,ГР.ЕЛХОВО,"ГР.ЕЛХОВО, КЛУБ, УЛ. ""АНГЕЛ ВЪЛЕВ"" №56",https://evideo.bg/pe202410/31.html#310700007
310700008,ГР.ЕЛХОВО,"ГР.ЕЛХОВО, ОУ"" СВ. ПАИСИЙ ХИЛЕНДАРСКИ"" , УЛ.""АСЕН ЗЛАТАРОВ""№15",https://evideo.bg/pe202410/31.html#310700008
310700009,ГР.ЕЛХОВО,"ГР.ЕЛХОВО, ОУ"" СВ. ПАИСИЙ ХИЛЕНДАРСКИ "", УЛ.""АСЕН ЗЛАТАРОВ""№15",https://evideo.bg/pe202410/31.html#310700009
310700010,ГР.ЕЛХОВО,"ГР.ЕЛХОВО, ОУ"" СВ. ПАИСИЙ ХИЛЕНДАРСКИ"" , УЛ.""АСЕН ЗЛАТАРОВ""№15",https://evideo.bg/pe202410/31.html#310700010
310700011,ГР.ЕЛХОВО,"ГР.ЕЛХОВО, КЛУБ, УЛ.""МАРИЦА""№14",https://evideo.bg/pe202410/31.html#310700011
310700012,С.БОЯНОВО,"С.БОЯНОВО, РИТУАЛНА ЗАЛА,УЛ.""Г.ДИМИТРОВ""№27 /ГЛАСУВАТ И ИЗБИРАТЕЛИ НА С.СТРОЙНО/",https://evideo.bg/pe202410/31.html#310700012
310700013,С.БОРИСОВО,"С.БОРИСОВО, АДМИНИСТРАТИВНА СГРАДА-КЛУБ, УЛ.""ФЕРИЗОВИЧ""№7",https://evideo.bg/pe202410/31.html#310700013
310700014,С.ЖРЕБИНО,"С.ЖРЕБИНО, АДМИНИСТРАТИВНА СГРАДА-КЛУБ, УЛ.""СЛИВНИЦА""№2",https://evideo.bg/pe202410/31.html#310700014
310700015,С.ДОБРИЧ,"С.ДОБРИЧ, КМЕТСТВО, УЛ.""СРЕДЕЦ""№2",https://evideo.bg/pe202410/31.html#310700015
310700016,С.ЧЕРНОЗЕМ,"С.ЧЕРНОЗЕМ, КМЕТСТВО, УЛ.""АЛ.СТАМБОЛИЙСКИ""№7",https://evideo.bg/pe202410/31.html#310700016
310700017,С.МАЛОМИРОВО,"С.МАЛОМИРОВО, ЧИТАЛИЩЕ, УЛ.""Г.ДИМИТРОВ""№28 /ГЛАСУВАТ ИЗБИРАТЕЛИ И НА С.СЛАВЕЙКОВО/",https://evideo.bg/pe202410/31.html#310700017
310700018,С.РАЗДЕЛ,"С.РАЗДЕЛ, ЧИТАЛИЩЕ, УЛ.""Г.ДИМИТРОВ""№1",https://evideo.bg/pe202410/31.html#310700018
310700019,С.ГОЛЯМ ДЕРВЕНТ,"С.ГОЛЯМ ДЕРВЕНТ, АДМИНИСТРАТИВНА СГРАДА, УЛ.""ИНДЖЕ ВОЙВОДА""№1",https://evideo.bg/pe202410/31.html#310700019
310700020,С.ЛАЛКОВО,"С.ЛАЛКОВО, КЛУБ, УЛ.""ГЕОРГИ ДИМИТРОВ""№18",https://evideo.bg/pe202410/31.html#310700020
310700021,С.КИРИЛОВО,"С.КИРИЛОВО, ЧИТАЛИЩЕ, УЛ.""ГЕОРГИ ДИМИТРОВ""№60",https://evideo.bg/pe202410/31.html#310700021
310700022,С.ИЗГРЕВ,"С.ИЗГРЕВ, КЛУБ, УЛ.""ХРИСТО БОТЕВ""№1",https://evideo.bg/pe202410/31.html#310700022
310700023,С.ПЧЕЛА,"С.ПЧЕЛА, КЛУБ, УЛ.""НИКОЛА ДУКОВ""№12",https://evideo.bg/pe202410/31.html#310700023
310700024,С.МАЛЪК МАНАСТИР,"С.МАЛЪК МАНАСТИР, РИТУАЛНА ЗАЛА, УЛ.""Г.ДИМИТРОВ""№11",https://evideo.bg/pe202410/31.html#310700024
310700025,С.ТРЪНКОВО,"С.ТРЪНКОВО, ЧИТАЛИЩЕ, УЛ.""Г.ДИМИТРОВ"" №9",https://evideo.bg/pe202410/31.html#310700025
310700026,С.ГРАНИТОВО,"С.ГРАНИТОВО, РИТУАЛНА ЗАЛА, УЛ.""ДЕВЕТИ СЕПТЕМВРИ""№29А",https://evideo.bg/pe202410/31.html#310700026
310700027,С.МЕЛНИЦА,"С.МЕЛНИЦА, РИТУАЛНА ЗАЛА, УЛ.""ХР.БОТЕВ""№1 /ГЛАСУВАТ И ИЗБИРАТЕЛИ НА С.М.КИРИЛОВО/",https://evideo.bg/pe202410/31.html#310700027
310700028,С.ЛЕСОВО,"С.ЛЕСОВО, РИТУАЛНА ЗАЛА, УЛ.""ДИМИТЪР ПАВЛОВ""№20А",https://evideo.bg/pe202410/31.html#310700028
310700029,С.ВЪЛЧА ПОЛЯНА,"С.ВЪЛЧА ПОЛЯНА, ОСНОВНО УЧИЛИЩЕ, УЛ.""ОПЪЛЧЕНСКА""№8",https://evideo.bg/pe202410/31.html#310700029
312200001,ГР.СТРАЛДЖА,"ГР.СТРАЛДЖА, РИТУАЛНА ЗАЛА, УЛ.""ХЕМУС""№12",https://evideo.bg/pe202410/31.html#312200001
312200002,ГР.СТРАЛДЖА,"ГР.СТРАЛДЖА, ОУ""СВ.СВ.КИРИЛ И МЕТОДИЙ"", УЛ.""ХЕМУС""№67",https://evideo.bg/pe202410/31.html#312200002
312200003,ГР.СТРАЛДЖА,"ГР.СТРАЛДЖА, ОУ""СВ.СВ.КИРИЛ И МЕТОДИЙ"", УЛ.""ХЕМУС""№67",https://evideo.bg/pe202410/31.html#312200003
312200004,ГР.СТРАЛДЖА,"ГР.СТРАЛДЖА, ОУ""СВ.СВ.КИРИЛ И МЕТОДИЙ"", УЛ.""ХЕМУС""№67",https://evideo.bg/pe202410/31.html#312200004
312200005,ГР.СТРАЛДЖА,"ГР.СТРАЛДЖА, СУ""П.К.ЯВОРОВ"", УЛ.""Г.СТАНЧЕВ"" №17А",https://evideo.bg/pe202410/31.html#312200005
312200006,ГР.СТРАЛДЖА,"ГР.СТРАЛДЖА, СУ""П.К.ЯВОРОВ"", УЛ.""Г.СТАНЧЕВ"" №17А",https://evideo.bg/pe202410/31.html#312200006
312200007,ГР.СТРАЛДЖА,"ГР.СТРАЛДЖА, ОУ""СВ.СВ.КИРИЛ И МЕТОДИЙ"", УЛ.""ХЕМУС""№67",https://evideo.bg/pe202410/31.html#312200007
312200008,С.АЛЕКСАНДРОВО,"С.АЛЕКСАНДРОВО, ЧИТАЛИЩЕ, УЛ.""АЛ.СТАМБОЛИЙСКИ""№63",https://evideo.bg/pe202410/31.html#312200008
312200009,С.АТОЛОВО,"С.АТОЛОВО, ЧИТАЛИЩЕ, УЛ.""ТРАКИЯ"" №2",https://evideo.bg/pe202410/31.html#312200009
312200010,С.БОГОРОВО,"С.БОГОРОВО, УЧИЛИЩЕ, УЛ.""Х.ДИМИТЪР""№17",https://evideo.bg/pe202410/31.html#312200010
312200011,С.ВОДЕНИЧАНЕ,"С.ВОДЕНИЧАНЕ, КМЕТСТВО-РИТУАЛНА ЗАЛА, УЛ.""Г.ДИМИТРОВ""№16",https://evideo.bg/pe202410/31.html#312200011
312200012,С.ВОЙНИКА,"С.ВОЙНИКА, ОУ""ХР.БОТЕВ"" , УЛ.""ВЛ.ИЛ.ЛЕНИН""№48",https://evideo.bg/pe202410/31.html#312200012
312200013,С.ДЖИНОТ,"С.ДЖИНОТ, ЧИТАЛИЩЕ - КЛУБ, УЛ.""Г.ДИМИТРОВ""№24",https://evideo.bg/pe202410/31.html#312200013
312200014,С.ЗИМНИЦА,"С.ЗИМНИЦА, ОУ""СВ.СВ.КИРИЛ И МЕТОДИЙ"", УЛ.""САН СТЕФАНО""№24",https://evideo.bg/pe202410/31.html#312200014
312200015,С.ЗИМНИЦА,"С.ЗИМНИЦА, ЧИТАЛИЩЕ, УЛ.""ХАН АСПАРУХ""№5А",https://evideo.bg/pe202410/31.html#312200015
312200016,С.ИРЕЧЕКОВО,"С.ИРЕЧЕКОВО, ЧИТАЛИЩЕ, ПЛ.""ОСВОБОЖДЕНИЕ""№2",https://evideo.bg/pe202410/31.html#312200016
312200017,С.КАМЕНЕЦ,"С.КАМЕНЕЦ, ЧИТАЛИЩЕ, УЛ.""Г.ДИМИТРОВ"" №47",https://evideo.bg/pe202410/31.html#312200017
312200018,С.ЛЕЯРОВО,"С.ЛЕЯРОВО, КМЕТСТВО, УЛ.""А.КАЛАЙДЖИЕВ""№11",https://evideo.bg/pe202410/31.html#312200018
312200019,С.ЛОЗЕНЕЦ,"С.ЛОЗЕНЕЦ, ЧИТАЛИЩЕ, УЛ.""П.КАБАКОВ"" №18",https://evideo.bg/pe202410/31.html#312200019
312200020,С.ЛЮЛИН,"С.ЛЮЛИН, ЧИТАЛИЩЕ, УЛ.""ГЕОРГИ ДИМИТРОВ"" №13",https://evideo.bg/pe202410/31.html#312200020
312200021,С.МАЛЕНОВО,"С.МАЛЕНОВО, ЧИТАЛИЩЕ, УЛ.""Г.ДИМИТРОВ""№16",https://evideo.bg/pe202410/31.html#312200021
312200022,С.НЕДЯЛСКО,"С.НЕДЯЛСКО, ЧИТАЛИЩЕ, УЛ.""СЛАВ ЖЕЛЕЗЧЕВ БОНЕВ"" №51",https://evideo.bg/pe202410/31.html#312200022
312200023,С.ПАЛАУЗОВО,"С.ПАЛАУЗОВО, ЧИТАЛИЩЕ, УЛ.""Г.ДИМИТРОВ""№17",https://evideo.bg/pe202410/31.html#312200023
312200024,С.ПОЛЯНА,"С.ПОЛЯНА, КМЕТСТВО-РИТУАЛНА ЗАЛА, УЛ.""ВАСИЛ ЛЕВСКИ №16В",https://evideo.bg/pe202410/31.html#312200024
312200025,С.ПРАВДИНО,"С.ПРАВДИНО, КМЕТСТВО, УЛ.""А.ГОСПОДАРЕВ"" №1А",https://evideo.bg/pe202410/31.html#312200025
312200026,С.ПЪРВЕНЕЦ,"С.ПЪРВЕНЕЦ, ЧИТАЛИЩЕ, УЛ.""СТОЮ МИХАЛЕВ ДЕНЕВ"" №20",https://evideo.bg/pe202410/31.html#312200026
312200027,С.САРАНСКО,"С.САРАНСКО, МНОГОФУНКЦИОНАЛНА ЗАЛА, УЛ.""ТЕНЮ ТОДОРОВ""№1",https://evideo.bg/pe202410/31.html#312200027
312200028,С.ТАМАРИНО,"С.ТАМАРИНО, ЧИТАЛИЩЕ-1 ЕТАЖ, УЛ."" Й.КОНДОВА"" №1",https://evideo.bg/pe202410/31.html#312200028
312200029,С.ЧАРДА,"С.ЧАРДА, ЧИТАЛИЩЕ, УЛ.""ПЪРВИ МАЙ"" №1",https://evideo.bg/pe202410/31.html#312200029
312500001,С.АСЕНОВО,"С.АСЕНОВО, КМЕТСТВО , УЛ.""НИКОЛА ЙОНКОВ ВАПЦАРОВ""№2",https://evideo.bg/pe202410/31.html#312500001
312500002,С.БЕЗМЕР,"С.БЕЗМЕР, МЛАДЕЖКИ ДОМ, УЛ.""ОСВОБОЖДЕНИЕ"" №34",https://evideo.bg/pe202410/31.html#312500002
312500003,С.БЕЗМЕР,"С.БЕЗМЕР, КМЕТСТВО, УЛ.""ОСВОБОЖДЕНИЕ"" №32",https://evideo.bg/pe202410/31.html#312500003
312500004,С.БОТЕВО,"С.БОТЕВО, ОУ""ХРИСТО БОТЕВ"", УЛ. ""ХРИСТО БОТЕВ "" №39",https://evideo.bg/pe202410/31.html#312500004
312500005,С.БОЛЯРСКО,"С.БОЛЯРСКО, КМЕТСТВО, УЛ. ""ПРОБУДА"" №35",https://evideo.bg/pe202410/31.html#312500005
312500006,С.БОЯДЖИК,"С.БОЯДЖИК, ОУ""СВ.СВ.КИРИЛ И МЕТОДИЙ"", УЛ."" НЕЗАВИСИМА БЪЛГАРИЯ"" №29",https://evideo.bg/pe202410/31.html#312500006
312500007,С.БОЯДЖИК,"С.БОЯДЖИК, ОУ""СВ.СВ.КИРИЛ И МЕТОДИЙ"", УЛ."" НЕЗАВИСИМА БЪЛГАРИЯ"" №29",https://evideo.bg/pe202410/31.html#312500007
312500008,С.ВЕСЕЛИНОВО,"С.ВЕСЕЛИНОВО, СТОЛ НА ОУ""СВ.СВ.КИРИЛ И МЕТОДИЙ"", УЛ.""ХРИСТО БОТЕВ"" №2",https://evideo.bg/pe202410/31.html#312500008
312500009,С.ВИДИНЦИ,"С.ВИДИНЦИ, ЧИТАЛИЩЕ, УЛ. "" АЛ. СТАМБОЛИЙСКИ "" №4",https://evideo.bg/pe202410/31.html#312500009
312500010,С.ГЕНЕРАЛ ИНЗОВО,"С.ГЕНЕРАЛ ИНЗОВО, ЧИТАЛИЩЕ "" Н.Й.ВАПЦАРОВ 1926"", УЛ.""СВ.СВ.КИРИЛ МЕТОДИЙ""№14",https://evideo.bg/pe202410/31.html#312500010
312500011,С.ГЕНЕРАЛ ТОШЕВО,"С.ГЕНЕРАЛ ТОШЕВО, ЧИТАЛИЩЕ ""РАЗВИТИЕ 1905"", УЛ.""МИТКО ПЕЕВ"" №30",https://evideo.bg/pe202410/31.html#312500011
312500012,С.ГОЛЯМ МАНАСТИР,"С.ГОЛЯМ МАНАСТИР, ЧИТАЛИЩЕ ""НАПРЕДЪК 1927"", УЛ. ""СВ.СВ.КИРИЛ И МЕТОДИЙ"" №21",https://evideo.bg/pe202410/31.html#312500012
312500013,С.ГЪЛЪБИНЦИ,"С.ГЪЛЪБИНЦИ, ЧИТАЛИЩЕ ""П.Р.СЛАВЕЙКОВ 1928 "", УЛ. ""П.Р.СЛАВЕЙКОВ"" №3",https://evideo.bg/pe202410/31.html#312500013
312500014,С.ДРАЖЕВО,"С.ДРАЖЕВО, СТАРО ЧИТАЛИЩЕ-ТИП БАРАКА , УЛ.""НАДЕЖДА"" №17",https://evideo.bg/pe202410/31.html#312500014
312500015,С.ДРАМА,"С.ДРАМА, ЧИТАЛИЩЕ-МАЛКА ЗАЛА, УЛ."" БАЛКАН"" №19",https://evideo.bg/pe202410/31.html#312500015
312500016,С.ДРЯНОВО,"С.ДРЯНОВО, ЧИТАЛИЩЕ ""СВЕТЛИНА-2004"", УЛ."" ИВАН МИХОВ"" №7",https://evideo.bg/pe202410/31.html#312500016
312500017,С.ЗАВОЙ,"С.ЗАВОЙ, КЛУБ НА ПЕНСИОНЕРА, УЛ.""ЧЕРВЕН БРЯГ"" №2А",https://evideo.bg/pe202410/31.html#312500017
312500018,С.ЗЛАТАРИ,"С.ЗЛАТАРИ, ЧИТАЛИЩЕ ""ВАСИЛ ЛЕВСКИ 1935"", УЛ.""КОСМОС"" №4",https://evideo.bg/pe202410/31.html#312500018
312500019,С.КАБИЛЕ,"С.КАБИЛЕ, ЗАЛА ДО КМЕТСТВОТО, УЛ.""СЕВТОПОЛИС"" №9Б",https://evideo.bg/pe202410/31.html#312500019
312500020,С.КАЛЧЕВО,"С.КАЛЧЕВО, ЗРИТЕЛНА ЗАЛА, УЛ.""ИВАН КОСТОВ ДИНЕВ""№2",https://evideo.bg/pe202410/31.html#312500020
312500021,С.КАРАВЕЛОВО,"С.КАРАВЕЛОВО, ЧИТАЛИЩЕ ""Н.Й.ВАПЦАРОВ 1929"", УЛ.""ЖЕЛЯЗКО ПЕТКОВ"" №19",https://evideo.bg/pe202410/31.html#312500021
312500022,С.КОЗАРЕВО,"С.КОЗАРЕВО, КЛУБ НА ПЕНСИОНЕРА, УЛ.""ВЪЗРАЖДАНЕ"" №41",https://evideo.bg/pe202410/31.html#312500022
312500023,С.КОНЕВЕЦ,"С.КОНЕВЕЦ, ЧИТАЛИЩЕ ""Д-Р ПЕТЪР БЕРОН 1941"", УЛ.""ТУНДЖА"" №34",https://evideo.bg/pe202410/31.html#312500023
312500024,С.КРУМОВО,"С.КРУМОВО, ЧИТАЛИЩЕ ""СЪГЛАСИЕ 1929"", УЛ.""ВЪЗРАЖДАНЕ"" №19",https://evideo.bg/pe202410/31.html#312500024
312500025,С.КУКОРЕВО,"С.КУКОРЕВО, КМЕТСТВО-РИТУАЛНА ЗАЛА, УЛ.""ТУНДЖА"" №2А",https://evideo.bg/pe202410/31.html#312500025
312500026,С.КУКОРЕВО,"С.КУКОРЕВО, ЧИТАЛИЩЕ ""ВИДЕЛИНА - 1928"" - ПЕНСИОНЕРСКИ КЛУБ, УЛ. ""Д.БЛАГОЕВ"" №10",https://evideo.bg/pe202410/31.html#312500026
312500027,С.МАЛОМИР,"С.МАЛОМИР, ЧИТАЛИЩЕ ""ПРОСВЕТА 1920"", УЛ.""КАРАПЧА"" №11",https://evideo.bg/pe202410/31.html#312500027
312500028,С.МЕДЕН КЛАДЕНЕЦ,"С.МЕДЕН КЛАДЕНЕЦ, ЧИТАЛИЩЕ ""ИЗГРЕВ 1928"", УЛ.""ПЪРВИ МАЙ"" №3",https://evideo.bg/pe202410/31.html#312500028
312500029,С.МЕЖДА,"С.МЕЖДА, КМЕТСТВО, УЛ.""В.ЛЕВСКИ""№2",https://evideo.bg/pe202410/31.html#312500029
312500030,С.МИЛАДИНОВЦИ,"С.МИЛАДИНОВЦИ, ЧИТАЛИЩЕ ""ПАИСИЙ ХИЛЕНДАРСКИ 1928"", УЛ.""ХРИСТО БОТЕВ"" №1",https://evideo.bg/pe202410/31.html#312500030
312500031,С.МОГИЛА,"С.МОГИЛА, ЧИТАЛИЩЕ ""ПРОБУДА 1928"", УЛ.""ВЪЗРАЖДАНЕ"" №17",https://evideo.bg/pe202410/31.html#312500031
312500032,С.ОВЧИ КЛАДЕНЕЦ,"С.ОВЧИ КЛАДЕНЕЦ, ЧИТАЛИЩЕ ""МИСЪЛ 1931""- МАЛЪК САЛОН, УЛ.""ДЕВЕТИ СЕПТЕМВРИ"" №40",https://evideo.bg/pe202410/31.html#312500032
312500033,С.ОКОП,"С.ОКОП, ЧИТАЛИЩЕ ""ХРИСТО БОТЕВ"", УЛ. "" ТУНДЖА"" №27",https://evideo.bg/pe202410/31.html#312500033
312500034,С.ПОБЕДА,"С.ПОБЕДА, ЧИТАЛИЩЕ ""ВАСИЛ ЛЕВСКИ 1931"", УЛ.Г.РАКОВСКИ"" №24",https://evideo.bg/pe202410/31.html#312500034
312500035,С.РОБОВО,"С.РОБОВО, КЛУБ НА ПЕНСИОНЕРА, УЛ.""ДРУЖБА"" №17",https://evideo.bg/pe202410/31.html#312500035
312500036,С.РОЗА,"С.РОЗА, КЛУБ НА ПЕНСИОНЕРА, УЛ. ""ПЕТЪР МОМЧИЛОВ"" №55А",https://evideo.bg/pe202410/31.html#312500036
312500037,С.РОЗА,"С.РОЗА, МЛАДЕЖКИ КЛУБ, УЛ. ""ПЕТЪР МОМЧИЛОВ"" №55А",https://evideo.bg/pe202410/31.html#312500037
312500038,С.САВИНО,"С.САВИНО, ЧИТАЛИЩЕ ""Н.Й.ВАПЦАРОВ 1928""-МАЛКА ЗАЛА, УЛ.""ПРОСТОР"" №10",https://evideo.bg/pe202410/31.html#312500038
312500039,С.СИМЕОНОВО,"С.СИМЕОНОВО, ЧИТАЛИЩЕ ""ИСКРА 1931""- МАЛЪК САЛОН, УЛ.""ХАДЖИ ДИМИТЪР"" №1",https://evideo.bg/pe202410/31.html#312500039
312500040,С.СКАЛИЦА,"С.СКАЛИЦА, ЧИТАЛИЩЕ ""СВЕТЛИНА 1928""-МАЛЪК САЛОН, УЛ.""ХР.БОТЕВ"" №26",https://evideo.bg/pe202410/31.html#312500040
312500041,С.СЛАМИНО,"С.СЛАМИНО, КЛУБ НА ПЕНСИОНЕРА, УЛ. ""СЛАВЯНСКА"" №13",https://evideo.bg/pe202410/31.html#312500041
312500042,С.СТАРА РЕКА,"С.СТАРА РЕКА, ЧИТАЛИЩЕ, ПЛ. ""ХАН АСПАРУХ"" №1",https://evideo.bg/pe202410/31.html#312500042
312500043,С.ТЕНЕВО,"С.ТЕНЕВО, СОУ""ВАСИЛ ЛЕВСКИ"", УЛ. ""ГЕОРГИ ДИМИТРОВ"" №50",https://evideo.bg/pe202410/31.html#312500043
312500044,С.ТЕНЕВО,"С.ТЕНЕВО, КЛУБ НА ПЕНСИОНЕРА, УЛ.""КОЛЬО ТЕНЕВ"" №18",https://evideo.bg/pe202410/31.html#312500044
312500045,С.ТЪРНАВА,"С.ТЪРНАВА, ЧИТАЛИЩЕ ""ЗОРА 1927"", УЛ. ""ОСВОБОЖДЕНИЕ""№7",https://evideo.bg/pe202410/31.html#312500045
312500046,С.ХАДЖИДИМИТРОВО,"С.ХАДЖИДИМИТРОВО, ЧИТАЛИЩЕ ""ВАСИЛ ЛЕВСКИ 1950"", УЛ.""ПРОФ.НОЙКОВ"" №15",https://evideo.bg/pe202410/31.html#312500046
312500047,С.ХАНОВО,"С.ХАНОВО, КЛУБ НА ПЕНСИОНЕРА, УЛ."" СВ.СВ.КИРИЛ И МЕТОДИЙ"" №14А",https://evideo.bg/pe202410/31.html#312500047
312500048,С.ЧАРГАН,"С.ЧАРГАН, КМЕТСТВО, УЛ.""ПАНАЙОТ КУРТЕВ"" №27",https://evideo.bg/pe202410/31.html#312500048
312500049,С.ЧЕЛНИК,"С.ЧЕЛНИК, ЧИТАЛИЩЕ ""ЗОРА 1930""-МАЛЪК САЛОН, УЛ.""ХР.БОТЕВ"" №29",https://evideo.bg/pe202410/31.html#312500049
312600001,ГР.ЯМБОЛ,"ГР.ЯМБОЛ, НУ""СВ.СВ.КИРИЛ И МЕТОДИЙ"" , УЛ.""ХАН ТЕРВЕЛ""№2",https://evideo.bg/pe202410/31.html#312600001
312600002,ГР.ЯМБОЛ,"ГР.ЯМБОЛ, ОБЩИНСКИ ДЕТСКИ КОМПЛЕКС-ОДК , УЛ.""ТЪРГОВСКА""№27",https://evideo.bg/pe202410/31.html#312600002
312600003,ГР.ЯМБОЛ,"ГР.ЯМБОЛ, НУ""СВ.СВ.КИРИЛ И МЕТОДИЙ"" , УЛ.""ХАН ТЕРВЕЛ""№2",https://evideo.bg/pe202410/31.html#312600003
312600004,ГР.ЯМБОЛ,"ГР.ЯМБОЛ, НУ""СВ.СВ.КИРИЛ И МЕТОДИЙ"" , УЛ.""ХАН ТЕРВЕЛ""№2",https://evideo.bg/pe202410/31.html#312600004
312600005,ГР.ЯМБОЛ,"ГР.ЯМБОЛ, НУ""СВ.СВ.КИРИЛ И МЕТОДИЙ"", УЛ.""ХАН ТЕРВЕЛ""№2",https://evideo.bg/pe202410/31.html#312600005
312600006,ГР.ЯМБОЛ,"ГР.ЯМБОЛ, ОУ""ХР.СМИРНЕНСКИ"", УЛ.""ТЪРГОВСКА ""№79",https://evideo.bg/pe202410/31.html#312600006
312600007,ГР.ЯМБОЛ,"ГР.ЯМБОЛ, КЛУБ , УЛ.""СРЕМ"" №001",https://evideo.bg/pe202410/31.html#312600007
312600008,ГР.ЯМБОЛ,"ГР.ЯМБОЛ, ОБЩИНСКИ ДЕТСКИ КОМПЛЕКС-ОДК , УЛ.""ТЪРГОВСКА""№27",https://evideo.bg/pe202410/31.html#312600008
312600009,ГР.ЯМБОЛ,"ГР.ЯМБОЛ, ОБЩИНСКИ ДЕТСКИ КОМПЛЕКС-ОДК , УЛ.""ТЪРГОВСКА""№27",https://evideo.bg/pe202410/31.html#312600009
312600010,ГР.ЯМБОЛ,"ГР.ЯМБОЛ, ОБРЕДЕН КОМПЛЕКС- ""PИТУАЛНА ЗАЛА"", УЛ.""СЛАВЯНСКА""№4",https://evideo.bg/pe202410/31.html#312600010
312600011,ГР.ЯМБОЛ,"ГР.ЯМБОЛ, ОБРЕДЕН КОМПЛЕКС- ""РИТУАЛНА ЗАЛА"", УЛ.""СЛАВЯНСКА""№4",https://evideo.bg/pe202410/31.html#312600011
312600012,ГР.ЯМБОЛ,"ГР.ЯМБОЛ, ОУ ""ХР.СМИРНЕНСКИ"", УЛ.""ТЪРГОВСКА""№79",https://evideo.bg/pe202410/31.html#312600012
312600013,ГР.ЯМБОЛ,"ГР.ЯМБОЛ, ДКЦ-1/БИВША ПОЛИКЛИНИКА/, УЛ.""ХР.СМИРНЕНСКИ"" №2",https://evideo.bg/pe202410/31.html#312600013
312600014,ГР.ЯМБОЛ,"ГР.ЯМБОЛ, СУ ""КЛИМЕНТ ОХРИДСКИ"", УЛ""СТ.КАРАДЖА""№72",https://evideo.bg/pe202410/31.html#312600014
312600015,ГР.ЯМБОЛ,"ГР.ЯМБОЛ, НЧ ""ДИАНА-1944""/КЪЩА -ПАРАХОДА/, УЛ.""Й.ЙОВКОВ"" №34",https://evideo.bg/pe202410/31.html#312600015
312600016,ГР.ЯМБОЛ,"ГР.ЯМБОЛ, ОП""ПЗП"" /БИВШ ""КЛУБ НА ХОРА С УВРЕЖДАНИЯ""/ , УЛ.""АЛ.СТАМБОЛИЙСКИ""№29",https://evideo.bg/pe202410/31.html#312600016
312600017,ГР.ЯМБОЛ,"ГР.ЯМБОЛ, ОБЩИНСКИ ДЕТСКИ КОМПЛЕКС-ОДК, УЛ.""ТЪРГОВСКА""№27,ЕТ.2",https://evideo.bg/pe202410/31.html#312600017
312600018,ГР.ЯМБОЛ,"ГР.ЯМБОЛ, ГИМНАЗИЯ ""ВАСИЛ ЛЕВСКИ"" , УЛ.""ЦАР ИВ.АЛЕКСАНДЪР""№12",https://evideo.bg/pe202410/31.html#312600018
312600019,ГР.ЯМБОЛ,"ГР.ЯМБОЛ, ГИМНАЗИЯ ""ВАСИЛ ЛЕВСКИ"" , УЛ.""ЦАР ИВ.АЛЕКСАНДЪР""№12",https://evideo.bg/pe202410/31.html#312600019
312600020,ГР.ЯМБОЛ,"ГР.ЯМБОЛ, ПТГ ""ИВ.РАЙНОВ"" ,/БИВШ ТМТ/, УЛ.ЦАР ИВ.АЛЕКСАНДЪР""№42",https://evideo.bg/pe202410/31.html#312600020
312600021,ГР.ЯМБОЛ,"ГР.ЯМБОЛ, ЦЕНТЪР ""КАРИТАС"",БИВША ДЕТСКА ГРАДИНА, Ж.К.""ЗЛАТЕН РОГ""№2",https://evideo.bg/pe202410/31.html#312600021
312600022,ГР.ЯМБОЛ,"ГР.ЯМБОЛ, ЦЕНТЪР ""КАРИТАС"",БИВША ДЕТСКА ГРАДИНА, Ж.К.""ЗЛАТЕН РОГ""№2",https://evideo.bg/pe202410/31.html#312600022
312600023,ГР.ЯМБОЛ,"ГР.ЯМБОЛ, ГПЧЕ ""ВАСИЛ КАРАГЬОЗОВ"" , Ж.К.""ЗЛАТЕН РОГ""№110",https://evideo.bg/pe202410/31.html#312600023
312600024,ГР.ЯМБОЛ,"ГР.ЯМБОЛ, ГПЧЕ ""ВАСИЛ КАРАГЬОЗОВ"" , Ж.К. ""ЗЛАТЕН РОГ""№110",https://evideo.bg/pe202410/31.html#312600024
312600025,ГР.ЯМБОЛ,"ГР.ЯМБОЛ, ГПЧЕ ""ВАСИЛ КАРАГЬОЗОВ"" , Ж.К. ""ЗЛАТЕН РОГ""№110",https://evideo.bg/pe202410/31.html#312600025
312600026,ГР.ЯМБОЛ,"ГР.ЯМБОЛ, ГПЧЕ ""ВАСИЛ КАРАГЬОЗОВ"" , Ж.К. ""ЗЛАТЕН РОГ""№110",https://evideo.bg/pe202410/31.html#312600026
312600027,ГР.ЯМБОЛ,"ГР.ЯМБОЛ, ПТГ ""ИВ.РАЙНОВ"" / БИВШ ТМТ/, УЛ.ЦАР ИВ.АЛЕКСАНДЪР""№42",https://evideo.bg/pe202410/31.html#312600027
312600028,ГР.ЯМБОЛ,"ГР.ЯМБОЛ, ПТГ""ИВ.РАЙНОВ"" / БИВШ ТМТ/ , УЛ.ЦАР ИВ.АЛЕКСАНДЪР""№42",https://evideo.bg/pe202410/31.html#312600028
312600029,ГР.ЯМБОЛ,"ГР.ЯМБОЛ, ПТГ""ИВ.РАЙНОВ"" / БИВШ ТМТ/ , УЛ.ЦАР ИВ.АЛЕКСАНДЪР""№42",https://evideo.bg/pe202410/31.html#312600029
312600030,ГР.ЯМБОЛ,"ГР.ЯМБОЛ, ПРОФЕСИОНАЛНА ГИМНАЗИЯ ПО ИКОНОМИКА ""Г.С.РАКОВСКИ"", УЛ.""ПИРИН""№4",https://evideo.bg/pe202410/31.html#312600030
312600031,ГР.ЯМБОЛ,"ГР.ЯМБОЛ, ЗАЛА В БИВШ ДОМ МАЙКА И ДЕТЕ, УЛ.""Д-Р ДОНЧЕВ""№10",https://evideo.bg/pe202410/31.html#312600031
312600032,ГР.ЯМБОЛ,"ГР.ЯМБОЛ, ЗАЛА НА ПЪТНО УПРАВЛЕНИЕ , УЛ.""Д.БЛАГОЕВ""№16",https://evideo.bg/pe202410/31.html#312600032
312600033,ГР.ЯМБОЛ,"ГР.ЯМБОЛ, ОУ ""ПЕТКО Р. СЛАВЕЙКОВ"", УЛ.""ЯНКО САКЪЗОВ""№8",https://evideo.bg/pe202410/31.html#312600033
312600034,ГР.ЯМБОЛ,"ГР.ЯМБОЛ, ОУ ""ПЕТКО Р. СЛАВЕЙКОВ"", УЛ.""ЯНКО САКЪЗОВ""№8",https://evideo.bg/pe202410/31.html#312600034
312600035,ГР.ЯМБОЛ,"ГР.ЯМБОЛ, ОУ ""ПЕТКО Р. СЛАВЕЙКОВ"", УЛ.""ЯНКО САКЪЗОВ""№8",https://evideo.bg/pe202410/31.html#312600035
312600036,ГР.ЯМБОЛ,"ГР.ЯМБОЛ, ОУ ""ПЕТКО Р. СЛАВЕЙКОВ"", УЛ.""ЯНКО САКЪЗОВ""№8",https://evideo.bg/pe202410/31.html#312600036
312600037,ГР.ЯМБОЛ,"ГР.ЯМБОЛ, ОУ ""ПЕТКО Р. СЛАВЕЙКОВ"", УЛ.""ЯНКО САКЪЗОВ""№8",https://evideo.bg/pe202410/31.html#312600037
312600038,ГР.ЯМБОЛ,"ГР.ЯМБОЛ, ЧИТАЛИЩЕ ""ЗОРА-1945"", ПЛ.""ЗАХАРИ СТОЯНОВ""№2",https://evideo.bg/pe202410/31.html#312600038
312600039,ГР.ЯМБОЛ,"ГР.ЯМБОЛ, ЧИТАЛИЩЕ ""ЗОРА-1945"" , ПЛ.""ЗАХАРИ СТОЯНОВ""№2",https://evideo.bg/pe202410/31.html#312600039
312600040,ГР.ЯМБОЛ,"ГР.ЯМБОЛ, СУ ""КЛИМЕНТ ОХРИДСКИ"", УЛ.""СТ.КАРАДЖА""№72",https://evideo.bg/pe202410/31.html#312600040
312600041,ГР.ЯМБОЛ,"ГР.ЯМБОЛ, ОУ ""Д-Р ПЕТЪР БЕРОН"", УЛ""КОЖУХ ПЛАНИНА""№17",https://evideo.bg/pe202410/31.html#312600041
312600042,ГР.ЯМБОЛ,"ГР.ЯМБОЛ, ОУ ""Д-Р ПЕТЪР БЕРОН"", УЛ""КОЖУХ ПЛАНИНА""№17",https://evideo.bg/pe202410/31.html#312600042
312600043,ГР.ЯМБОЛ,"ГР.ЯМБОЛ, ОУ ""Д-Р ПЕТЪР БЕРОН"", УЛ""КОЖУХ ПЛАНИНА""№17",https://evideo.bg/pe202410/31.html#312600043
312600044,ГР.ЯМБОЛ,"ГР.ЯМБОЛ, ОУ ""Д-Р ПЕТЪР БЕРОН"", УЛ""КОЖУХ ПЛАНИНА""№17",https://evideo.bg/pe202410/31.html#312600044
312600045,ГР.ЯМБОЛ,"ГР.ЯМБОЛ, ОУ ""Д-Р ПЕТЪР БЕРОН"", УЛ""КОЖУХ ПЛАНИНА""№17",https://evideo.bg/pe202410/31.html#312600045
312600046,ГР.ЯМБОЛ,"ГР.ЯМБОЛ, ОУ ""Д-Р ПЕТЪР БЕРОН"", УЛ""КОЖУХ ПЛАНИНА""№17",https://evideo.bg/pe202410/31.html#312600046
312600047,ГР.ЯМБОЛ,"ГР.ЯМБОЛ, ОУ ""Д-Р ПЕТЪР БЕРОН"", УЛ""КОЖУХ ПЛАНИНА""№17",https://evideo.bg/pe202410/31.html#312600047
312600048,ГР.ЯМБОЛ,"ГР.ЯМБОЛ, ОУ ""Д-Р ПЕТЪР БЕРОН"", УЛ""КОЖУХ ПЛАНИНА""№17",https://evideo.bg/pe202410/31.html#312600048
312600049,ГР.ЯМБОЛ,"ГР.ЯМБОЛ, ОУ ""ЙОРДАН ЙОВКОВ"", УЛ.""ТИМОК"" №3",https://evideo.bg/pe202410/31.html#312600049
312600050,ГР.ЯМБОЛ,"ГР.ЯМБОЛ, ОУ ""ЙОРДАН ЙОВКОВ"", УЛ.""ТИМОК"" №3",https://evideo.bg/pe202410/31.html#312600050
312600051,ГР.ЯМБОЛ,"ГР.ЯМБОЛ, ОУ ""ЙОРДАН ЙОВКОВ"", УЛ.""ТИМОК"" №3",https://evideo.bg/pe202410/31.html#312600051
312600052,ГР.ЯМБОЛ,"ГР.ЯМБОЛ, ОУ ""ЙОРДАН ЙОВКОВ"", УЛ.""ТИМОК"" №3",https://evideo.bg/pe202410/31.html#312600052
312600053,ГР.ЯМБОЛ,"ГР.ЯМБОЛ, ОУ ""ЙОРДАН ЙОВКОВ"", УЛ.""ТИМОК"" №3",https://evideo.bg/pe202410/31.html#312600053
312600054,ГР.ЯМБОЛ,"ГР.ЯМБОЛ, ОУ ""ЙОРДАН ЙОВКОВ"", УЛ.""ТИМОК"" №3",https://evideo.bg/pe202410/31.html#312600054
312600055,ГР.ЯМБОЛ,"ГР.ЯМБОЛ, ОУ ""ЙОРДАН ЙОВКОВ"", УЛ.""ТИМОК"" №3",https://evideo.bg/pe202410/31.html#312600055
312600056,ГР.ЯМБОЛ,"ГР.ЯМБОЛ, ОУ ""ЙОРДАН ЙОВКОВ"", УЛ.""ТИМОК"" №3",https://evideo.bg/pe202410/31.html#312600056
312600057,ГР.ЯМБОЛ,"ГР.ЯМБОЛ, ОУ ""ЙОРДАН ЙОВКОВ"", УЛ.""ТИМОК"" №3",https://evideo.bg/pe202410/31.html#312600057
312600058,ГР.ЯМБОЛ,"ГР.ЯМБОЛ, ОУ ""ЙОРДАН ЙОВКОВ"", УЛ.""ТИМОК"" №3",https://evideo.bg/pe202410/31.html#312600058
312600059,ГР.ЯМБОЛ,"ГР.ЯМБОЛ, ОУ""ХР.СМИРНЕНСКИ"", УЛ.""ТЪРГОВСКА""№79",https://evideo.bg/pe202410/31.html#312600059
312600060,ГР.ЯМБОЛ,"ГР.ЯМБОЛ, ФАКУЛТЕТ ""ТЕХНИКА И ТЕХНОЛОГИИ"", УЛ."" ГРАФ ИГНАТИЕВ""№38",https://evideo.bg/pe202410/31.html#312600060
312600061,ГР.ЯМБОЛ,"ГР.ЯМБОЛ, ПРОФ.ГИМНАЗИЯ ПО ЕКОЛОГИЯ И ХИМИЧНИ ТЕХНОЛОГИИ , УЛ.""МИЛИН КАМЪК""№2",https://evideo.bg/pe202410/31.html#312600061
312600062,ГР.ЯМБОЛ,"ГР.ЯМБОЛ, ПРОФ.ГИМНАЗИЯ ПО ЕКОЛОГИЯ И ХИМИЧНИ ТЕХНОЛОГИИ , УЛ.""МИЛИН КАМЪК""№2",https://evideo.bg/pe202410/31.html#312600062
312600063,ГР.ЯМБОЛ,"ГР.ЯМБОЛ, ПРОФЕСИОНАЛНА ГИМНАЗИЯ ПО ЗЕМЕДЕЛИЕ ""ХРИСТО БОТЕВ"", УЛ.""МИЛИН КАМЪК""6",https://evideo.bg/pe202410/31.html#312600063
312600064,ГР.ЯМБОЛ,"ГР.ЯМБОЛ, ПРОФЕСИОНАЛНА ГИМНАЗИЯ ПО ЗЕМЕДЕЛИЕ ""ХРИСТО БОТЕВ"", УЛ.""МИЛИН КАМЪК""6",https://evideo.bg/pe202410/31.html#312600064
312600065,ГР.ЯМБОЛ,"ГР.ЯМБОЛ, ПРОФЕСИОНАЛНА ГИМНАЗИЯ ПО ЗЕМЕДЕЛИЕ ""ХРИСТО БОТЕВ"", УЛ.""МИЛИН КАМЪК""6",https://evideo.bg/pe202410/31.html#312600065
312600066,ГР.ЯМБОЛ,"ГР.ЯМБОЛ, КЛУБ В Ж.К. ""ХАЛЕ"" ДО БЛ.7",https://evideo.bg/pe202410/31.html#312600066
312600067,ГР.ЯМБОЛ,"ГР.ЯМБОЛ, ПГ ПО ТУРИЗЪМ ""АЛ.КОНСТАНТИНОВ"" /БИВШ ТХВП/, УЛ.""ТЪРГОВСКА"" №85",https://evideo.bg/pe202410/31.html#312600067
312600068,ГР.ЯМБОЛ,"ГР.ЯМБОЛ, ПГ ПО ТУРИЗЪМ ""АЛ.КОНСТАНТИНОВ"" /БИВШ ТХВП/, УЛ.""ТЪРГОВСКА"" №85",https://evideo.bg/pe202410/31.html#312600068
312600069,ГР.ЯМБОЛ,"ГР.ЯМБОЛ, ПГ ПО ТУРИЗЪМ ""АЛ.КОНСТАНТИНОВ"" /БИВШ ТХВП/, УЛ.""ТЪРГОВСКА"" №85",https://evideo.bg/pe202410/31.html#312600069
312600070,ГР.ЯМБОЛ,"ГР.ЯМБОЛ, ПГ ПО ТУРИЗЪМ ""АЛ.КОНСТАНТИНОВ"" /БИВШ ТХВП/, УЛ.""ТЪРГОВСКА"" №85",https://evideo.bg/pe202410/31.html#312600070
312600071,ГР.ЯМБОЛ,"ГР.ЯМБОЛ, ПГ ПО ТУРИЗЪМ ""АЛ.КОНСТАНТИНОВ"" /БИВШ ТХВП/, УЛ.""ТЪРГОВСКА"" №85",https://evideo.bg/pe202410/31.html#312600071
312600072,ГР.ЯМБОЛ,"ГР.ЯМБОЛ, ПРОФ.ГИМНАЗИЯ ПО ЕКОЛОГИЯ И ХИМИЧНИ ТЕХНОЛОГИИ, УЛ.""МИЛИН КАМЪК""№2",https://evideo.bg/pe202410/31.html#312600072
312600073,ГР.ЯМБОЛ,"ГР.ЯМБОЛ, ПРОФ.ГИМНАЗИЯ ПО ЕКОЛОГИЯ И ХИМИЧНИ ТЕХНОЛОГИИ, УЛ.""МИЛИН КАМЪК""№2",https://evideo.bg/pe202410/31.html#312600073
312600074,ГР.ЯМБОЛ,"ГР.ЯМБОЛ, ПРОФ.ГИМНАЗИЯ ПО ЕКОЛОГИЯ И ХИМИЧНИ ТЕХНОЛОГИИ, УЛ.""МИЛИН КАМЪК""№2",https://evideo.bg/pe202410/31.html#312600074
312600075,ГР.ЯМБОЛ,"ГР.ЯМБОЛ, ОУ ""ЛЮБЕН КАРАВЕЛОВ"", УЛ.""Л.КАРАВЕЛОВ""№31",https://evideo.bg/pe202410/31.html#312600075
312600076,ГР.ЯМБОЛ,"ГР.ЯМБОЛ, ОУ ""ЛЮБЕН КАРАВЕЛОВ"", УЛ.""Л.КАРАВЕЛОВ""№31",https://evideo.bg/pe202410/31.html#312600076
312600077,ГР.ЯМБОЛ,"ГР.ЯМБОЛ, ОУ ""ЛЮБЕН КАРАВЕЛОВ"", УЛ.""Л.КАРАВЕЛОВ""№31",https://evideo.bg/pe202410/31.html#312600077
312600078,ГР.ЯМБОЛ,"ГР.ЯМБОЛ, ФАКУЛТЕТ ""ТЕХНИКА И ТЕХНОЛОГИИ"", УЛ.""ГРАФ ИГНАТИЕВ""№38",https://evideo.bg/pe202410/31.html#312600078
312600079,ГР.ЯМБОЛ,"ГР.ЯМБОЛ, ФАКУЛТЕТ ""ТЕХНИКА И ТЕХНОЛОГИИ"", УЛ.""ГРАФ ИГНАТИЕВ""№38",https://evideo.bg/pe202410/31.html#312600079
312600080,ГР.ЯМБОЛ,"ГР.ЯМБОЛ, ФАКУЛТЕТ ""ТЕХНИКА И ТЕХНОЛОГИИ"", УЛ.""ГРАФ ИГНАТИЕВ""№38",https://evideo.bg/pe202410/31.html#312600080
312600081,ГР.ЯМБОЛ,"ГР.ЯМБОЛ, ФАКУЛТЕТ ""ТЕХНИКА И ТЕХНОЛОГИИ"", УЛ.""ГРАФ ИГНАТИЕВ""№38",https://evideo.bg/pe202410/31.html#312600081
312600082,ГР.ЯМБОЛ,"ГР.ЯМБОЛ, ФАКУЛТЕТ ""ТЕХНИКА И ТЕХНОЛОГИИ"", УЛ.""ГРАФ ИГНАТИЕВ""№38",https://evideo.bg/pe202410/31.html#312600082
312600083,ГР.ЯМБОЛ,"ГР.ЯМБОЛ, ФАКУЛТЕТ ""ТЕХНИКА И ТЕХНОЛОГИИ"", УЛ.""ГРАФ ИГНАТИЕВ""№38",https://evideo.bg/pe202410/31.html#312600083
312600084,ГР.ЯМБОЛ,"ГР.ЯМБОЛ, ФАКУЛТЕТ ""ТЕХНИКА И ТЕХНОЛОГИИ"", УЛ.""ГРАФ ИГНАТИЕВ""№38",https://evideo.bg/pe202410/31.html#312600084
312600085,ГР.ЯМБОЛ,"ГР.ЯМБОЛ, ОУ ""НИКОЛАЙ ПЕТРИНИ"", УЛ.БИТОЛЯ"" №35",https://evideo.bg/pe202410/31.html#312600085
312600086,ГР.ЯМБОЛ,"ГР.ЯМБОЛ, ОУ ""НИКОЛАЙ ПЕТРИНИ"", УЛ.БИТОЛЯ"" №35",https://evideo.bg/pe202410/31.html#312600086
312600087,ГР.ЯМБОЛ,"ГР.ЯМБОЛ, ОУ ""НИКОЛАЙ ПЕТРИНИ"", УЛ.БИТОЛЯ"" №35",https://evideo.bg/pe202410/31.html#312600087
312600088,ГР.ЯМБОЛ,"ГР.ЯМБОЛ, ОУ ""НИКОЛАЙ ПЕТРИНИ"", УЛ.БИТОЛЯ"" №35",https://evideo.bg/pe202410/31.html#312600088
312600089,ГР.ЯМБОЛ,"ГР.ЯМБОЛ, ГИМНАЗИЯ ПО СТРОИТЕЛСТВО И АРХИТЕКТУРА ""КОЛЬО ФИЧЕТО"", УЛ.""БИТОЛЯ"" №33",https://evideo.bg/pe202410/31.html#312600089
312600090,ГР.ЯМБОЛ,"ГР.ЯМБОЛ, ГИМНАЗИЯ ПО СТРОИТЕЛСТВО И АРХИТЕКТУРА ""КОЛЬО ФИЧЕТО"", УЛ.""БИТОЛЯ"" №33",https://evideo.bg/pe202410/31.html#312600090
312600091,ГР.ЯМБОЛ,"ГР.ЯМБОЛ, ОУ ""НИКОЛАЙ ПЕТРИНИ"", УЛ.БИТОЛЯ"" №35",https://evideo.bg/pe202410/31.html#312600091
312600092,ГР.ЯМБОЛ,"ГР.ЯМБОЛ, КВАРТАЛЕН КЛУБ, УЛ.""ЛОМ"" №1",https://evideo.bg/pe202410/31.html#312600092
312600093,ГР.ЯМБОЛ,"ГР.ЯМБОЛ, ГИМНАЗИЯ ПО СТРОИТЕЛСТВО И АРХИТЕКТУРА ""КОЛЬО ФИЧЕТО"", УЛ.""БИТОЛЯ"" №33",https://evideo.bg/pe202410/31.html#312600093
312600094,ГР.ЯМБОЛ,"ГР.ЯМБОЛ, ЧИТАЛИЩЕ ""ПРОБУДА"", ПЛ.""СТРАШИМИР КРИНЧЕВ""№2",https://evideo.bg/pe202410/31.html#312600094
312600095,ГР.ЯМБОЛ,"ГР.ЯМБОЛ, ЧИТАЛИЩЕ ""ПРОБУДА""ЕТ.2, ПЛ.""СТРАШИМИР КРИНЧЕВ""№2",https://evideo.bg/pe202410/31.html#312600095
312600096,ГР.ЯМБОЛ,"ГР.ЯМБОЛ, ЧИТАЛИЩЕ ""ПРОБУДА""/ ЗАЛА БИВШ КАФЕ-АПЕРИТИВ/, ПЛ.""СТРАШИМИР КРИНЧЕВ""№2",https://evideo.bg/pe202410/31.html#312600096
312600097,ГР.ЯМБОЛ,"ГР.ЯМБОЛ, ЧИТАЛИЩЕ ""ПРОБУДА""/ ЗАЛА БИВШ КАФЕ-АПЕРИТИВ/, ПЛ.""СТРАШИМИР КРИНЧЕВ""№2",https://evideo.bg/pe202410/31.html#312600097
312600098,ГР.ЯМБОЛ,"ГР.ЯМБОЛ, КВАРТАЛЕН КЛУБ, УЛ. ""ПЕЙО ЯВОРОВ"" №5",https://evideo.bg/pe202410/31.html#312600098
312600099,ГР.ЯМБОЛ,"ГР.ЯМБОЛ, СПОРТНО УЧИЛИЩЕ ""ПИЕР ДЬО КУБЕРТЕН"", УЛ.""АТ.КОЖУХАРОВ""№1",https://evideo.bg/pe202410/31.html#312600099
312600100,ГР.ЯМБОЛ,"ГР.ЯМБОЛ, СПОРТНО УЧИЛИЩЕ ""ПИЕР ДЬО КУБЕРТЕН"", УЛ.""АТ.КОЖУХАРОВ""№1",https://evideo.bg/pe202410/31.html#312600100
312600101,ГР.ЯМБОЛ,"ГР.ЯМБОЛ, СПОРТНО УЧИЛИЩЕ ""ПИЕР ДЬО КУБЕРТЕН"", УЛ.""АТ.КОЖУХАРОВ""№1",https://evideo.bg/pe202410/31.html#312600101